date_id,year,month,quarter,day_of_week_name,day_type
1,1989,1,1,Friday,Weekday
2,1989,1,1,Monday,Weekday
3,1989,1,1,Saturday,Weekend
4,1989,1,1,Sunday,Weekend
5,1989,1,1,Thursday,Weekday
6,1989,1,1,Tuesday,Weekday
7,1989,1,1,Wednesday,Weekday
8,1989,2,1,Friday,Weekday
9,1989,2,1,Monday,Weekday
10,1989,2,1,Saturday,Weekend
11,1989,2,1,Sunday,Weekend
12,1989,2,1,Thursday,Weekday
13,1989,2,1,Tuesday,Weekday
14,1989,2,1,Wednesday,Weekday
15,1989,3,1,Friday,Weekday
16,1989,3,1,Monday,Weekday
17,1989,3,1,Saturday,Weekend
18,1989,3,1,Sunday,Weekend
19,1989,3,1,Thursday,Weekday
20,1989,3,1,Tuesday,Weekday
21,1989,3,1,Wednesday,Weekday
22,1989,4,2,Friday,Weekday
23,1989,4,2,Monday,Weekday
24,1989,4,2,Saturday,Weekend
25,1989,4,2,Sunday,Weekend
26,1989,4,2,Thursday,Weekday
27,1989,4,2,Tuesday,Weekday
28,1989,4,2,Wednesday,Weekday
29,1989,5,2,Friday,Weekday
30,1989,5,2,Monday,Weekday
31,1989,5,2,Saturday,Weekend
32,1989,5,2,Sunday,Weekend
33,1989,5,2,Thursday,Weekday
34,1989,5,2,Tuesday,Weekday
35,1989,5,2,Wednesday,Weekday
36,1989,6,2,Friday,Weekday
37,1989,6,2,Monday,Weekday
38,1989,6,2,Saturday,Weekend
39,1989,6,2,Sunday,Weekend
40,1989,6,2,Thursday,Weekday
41,1989,6,2,Tuesday,Weekday
42,1989,6,2,Wednesday,Weekday
43,1989,7,3,Friday,Weekday
44,1989,7,3,Monday,Weekday
45,1989,7,3,Saturday,Weekend
46,1989,7,3,Sunday,Weekend
47,1989,7,3,Thursday,Weekday
48,1989,7,3,Tuesday,Weekday
49,1989,7,3,Wednesday,Weekday
50,1989,8,3,Friday,Weekday
51,1989,8,3,Monday,Weekday
52,1989,8,3,Saturday,Weekend
53,1989,8,3,Sunday,Weekend
54,1989,8,3,Thursday,Weekday
55,1989,8,3,Tuesday,Weekday
56,1989,8,3,Wednesday,Weekday
57,1989,9,3,Friday,Weekday
58,1989,9,3,Monday,Weekday
59,1989,9,3,Saturday,Weekend
60,1989,9,3,Sunday,Weekend
61,1989,9,3,Thursday,Weekday
62,1989,9,3,Tuesday,Weekday
63,1989,9,3,Wednesday,Weekday
64,1989,10,4,Friday,Weekday
65,1989,10,4,Monday,Weekday
66,1989,10,4,Saturday,Weekend
67,1989,10,4,Sunday,Weekend
68,1989,10,4,Thursday,Weekday
69,1989,10,4,Tuesday,Weekday
70,1989,10,4,Wednesday,Weekday
71,1989,11,4,Friday,Weekday
72,1989,11,4,Monday,Weekday
73,1989,11,4,Saturday,Weekend
74,1989,11,4,Sunday,Weekend
75,1989,11,4,Thursday,Weekday
76,1989,11,4,Tuesday,Weekday
77,1989,11,4,Wednesday,Weekday
78,1989,12,4,Friday,Weekday
79,1989,12,4,Monday,Weekday
80,1989,12,4,Saturday,Weekend
81,1989,12,4,Sunday,Weekend
82,1989,12,4,Thursday,Weekday
83,1989,12,4,Tuesday,Weekday
84,1989,12,4,Wednesday,Weekday
85,1990,1,1,Friday,Weekday
86,1990,1,1,Monday,Weekday
87,1990,1,1,Saturday,Weekend
88,1990,1,1,Sunday,Weekend
89,1990,1,1,Thursday,Weekday
90,1990,1,1,Tuesday,Weekday
91,1990,1,1,Wednesday,Weekday
92,1990,2,1,Friday,Weekday
93,1990,2,1,Monday,Weekday
94,1990,2,1,Saturday,Weekend
95,1990,2,1,Sunday,Weekend
96,1990,2,1,Thursday,Weekday
97,1990,2,1,Tuesday,Weekday
98,1990,2,1,Wednesday,Weekday
99,1990,3,1,Friday,Weekday
100,1990,3,1,Monday,Weekday
101,1990,3,1,Saturday,Weekend
102,1990,3,1,Sunday,Weekend
103,1990,3,1,Thursday,Weekday
104,1990,3,1,Tuesday,Weekday
105,1990,3,1,Wednesday,Weekday
106,1990,4,2,Friday,Weekday
107,1990,4,2,Monday,Weekday
108,1990,4,2,Saturday,Weekend
109,1990,4,2,Sunday,Weekend
110,1990,4,2,Thursday,Weekday
111,1990,4,2,Tuesday,Weekday
112,1990,4,2,Wednesday,Weekday
113,1990,5,2,Friday,Weekday
114,1990,5,2,Monday,Weekday
115,1990,5,2,Saturday,Weekend
116,1990,5,2,Sunday,Weekend
117,1990,5,2,Thursday,Weekday
118,1990,5,2,Tuesday,Weekday
119,1990,5,2,Wednesday,Weekday
120,1990,6,2,Friday,Weekday
121,1990,6,2,Monday,Weekday
122,1990,6,2,Saturday,Weekend
123,1990,6,2,Sunday,Weekend
124,1990,6,2,Thursday,Weekday
125,1990,6,2,Tuesday,Weekday
126,1990,6,2,Wednesday,Weekday
127,1990,7,3,Friday,Weekday
128,1990,7,3,Monday,Weekday
129,1990,7,3,Saturday,Weekend
130,1990,7,3,Sunday,Weekend
131,1990,7,3,Thursday,Weekday
132,1990,7,3,Tuesday,Weekday
133,1990,7,3,Wednesday,Weekday
134,1990,8,3,Friday,Weekday
135,1990,8,3,Monday,Weekday
136,1990,8,3,Saturday,Weekend
137,1990,8,3,Sunday,Weekend
138,1990,8,3,Thursday,Weekday
139,1990,8,3,Tuesday,Weekday
140,1990,8,3,Wednesday,Weekday
141,1990,9,3,Friday,Weekday
142,1990,9,3,Monday,Weekday
143,1990,9,3,Saturday,Weekend
144,1990,9,3,Sunday,Weekend
145,1990,9,3,Thursday,Weekday
146,1990,9,3,Tuesday,Weekday
147,1990,9,3,Wednesday,Weekday
148,1990,10,4,Friday,Weekday
149,1990,10,4,Monday,Weekday
150,1990,10,4,Saturday,Weekend
151,1990,10,4,Sunday,Weekend
152,1990,10,4,Thursday,Weekday
153,1990,10,4,Tuesday,Weekday
154,1990,10,4,Wednesday,Weekday
155,1990,11,4,Friday,Weekday
156,1990,11,4,Monday,Weekday
157,1990,11,4,Saturday,Weekend
158,1990,11,4,Sunday,Weekend
159,1990,11,4,Thursday,Weekday
160,1990,11,4,Tuesday,Weekday
161,1990,11,4,Wednesday,Weekday
162,1990,12,4,Friday,Weekday
163,1990,12,4,Monday,Weekday
164,1990,12,4,Saturday,Weekend
165,1990,12,4,Sunday,Weekend
166,1990,12,4,Thursday,Weekday
167,1990,12,4,Tuesday,Weekday
168,1990,12,4,Wednesday,Weekday
169,1991,1,1,Friday,Weekday
170,1991,1,1,Monday,Weekday
171,1991,1,1,Saturday,Weekend
172,1991,1,1,Sunday,Weekend
173,1991,1,1,Thursday,Weekday
174,1991,1,1,Tuesday,Weekday
175,1991,1,1,Wednesday,Weekday
176,1991,2,1,Friday,Weekday
177,1991,2,1,Monday,Weekday
178,1991,2,1,Saturday,Weekend
179,1991,2,1,Sunday,Weekend
180,1991,2,1,Thursday,Weekday
181,1991,2,1,Tuesday,Weekday
182,1991,2,1,Wednesday,Weekday
183,1991,3,1,Friday,Weekday
184,1991,3,1,Monday,Weekday
185,1991,3,1,Saturday,Weekend
186,1991,3,1,Sunday,Weekend
187,1991,3,1,Thursday,Weekday
188,1991,3,1,Tuesday,Weekday
189,1991,3,1,Wednesday,Weekday
190,1991,4,2,Friday,Weekday
191,1991,4,2,Monday,Weekday
192,1991,4,2,Saturday,Weekend
193,1991,4,2,Sunday,Weekend
194,1991,4,2,Thursday,Weekday
195,1991,4,2,Tuesday,Weekday
196,1991,4,2,Wednesday,Weekday
197,1991,5,2,Friday,Weekday
198,1991,5,2,Monday,Weekday
199,1991,5,2,Saturday,Weekend
200,1991,5,2,Sunday,Weekend
201,1991,5,2,Thursday,Weekday
202,1991,5,2,Tuesday,Weekday
203,1991,5,2,Wednesday,Weekday
204,1991,6,2,Friday,Weekday
205,1991,6,2,Monday,Weekday
206,1991,6,2,Saturday,Weekend
207,1991,6,2,Sunday,Weekend
208,1991,6,2,Thursday,Weekday
209,1991,6,2,Tuesday,Weekday
210,1991,6,2,Wednesday,Weekday
211,1991,7,3,Friday,Weekday
212,1991,7,3,Monday,Weekday
213,1991,7,3,Saturday,Weekend
214,1991,7,3,Sunday,Weekend
215,1991,7,3,Thursday,Weekday
216,1991,7,3,Tuesday,Weekday
217,1991,7,3,Wednesday,Weekday
218,1991,8,3,Friday,Weekday
219,1991,8,3,Monday,Weekday
220,1991,8,3,Saturday,Weekend
221,1991,8,3,Sunday,Weekend
222,1991,8,3,Thursday,Weekday
223,1991,8,3,Tuesday,Weekday
224,1991,8,3,Wednesday,Weekday
225,1991,9,3,Friday,Weekday
226,1991,9,3,Monday,Weekday
227,1991,9,3,Saturday,Weekend
228,1991,9,3,Sunday,Weekend
229,1991,9,3,Thursday,Weekday
230,1991,9,3,Tuesday,Weekday
231,1991,9,3,Wednesday,Weekday
232,1991,10,4,Friday,Weekday
233,1991,10,4,Monday,Weekday
234,1991,10,4,Saturday,Weekend
235,1991,10,4,Sunday,Weekend
236,1991,10,4,Thursday,Weekday
237,1991,10,4,Tuesday,Weekday
238,1991,10,4,Wednesday,Weekday
239,1991,11,4,Friday,Weekday
240,1991,11,4,Monday,Weekday
241,1991,11,4,Saturday,Weekend
242,1991,11,4,Sunday,Weekend
243,1991,11,4,Thursday,Weekday
244,1991,11,4,Tuesday,Weekday
245,1991,11,4,Wednesday,Weekday
246,1991,12,4,Friday,Weekday
247,1991,12,4,Monday,Weekday
248,1991,12,4,Saturday,Weekend
249,1991,12,4,Sunday,Weekend
250,1991,12,4,Thursday,Weekday
251,1991,12,4,Tuesday,Weekday
252,1991,12,4,Wednesday,Weekday
253,1992,1,1,Friday,Weekday
254,1992,1,1,Monday,Weekday
255,1992,1,1,Saturday,Weekend
256,1992,1,1,Sunday,Weekend
257,1992,1,1,Thursday,Weekday
258,1992,1,1,Tuesday,Weekday
259,1992,1,1,Wednesday,Weekday
260,1992,2,1,Friday,Weekday
261,1992,2,1,Monday,Weekday
262,1992,2,1,Saturday,Weekend
263,1992,2,1,Sunday,Weekend
264,1992,2,1,Thursday,Weekday
265,1992,2,1,Tuesday,Weekday
266,1992,2,1,Wednesday,Weekday
267,1992,3,1,Friday,Weekday
268,1992,3,1,Monday,Weekday
269,1992,3,1,Saturday,Weekend
270,1992,3,1,Sunday,Weekend
271,1992,3,1,Thursday,Weekday
272,1992,3,1,Tuesday,Weekday
273,1992,3,1,Wednesday,Weekday
274,1992,4,2,Friday,Weekday
275,1992,4,2,Monday,Weekday
276,1992,4,2,Saturday,Weekend
277,1992,4,2,Sunday,Weekend
278,1992,4,2,Thursday,Weekday
279,1992,4,2,Tuesday,Weekday
280,1992,4,2,Wednesday,Weekday
281,1992,5,2,Friday,Weekday
282,1992,5,2,Monday,Weekday
283,1992,5,2,Saturday,Weekend
284,1992,5,2,Sunday,Weekend
285,1992,5,2,Thursday,Weekday
286,1992,5,2,Tuesday,Weekday
287,1992,5,2,Wednesday,Weekday
288,1992,6,2,Friday,Weekday
289,1992,6,2,Monday,Weekday
290,1992,6,2,Saturday,Weekend
291,1992,6,2,Sunday,Weekend
292,1992,6,2,Thursday,Weekday
293,1992,6,2,Tuesday,Weekday
294,1992,6,2,Wednesday,Weekday
295,1992,7,3,Friday,Weekday
296,1992,7,3,Monday,Weekday
297,1992,7,3,Saturday,Weekend
298,1992,7,3,Sunday,Weekend
299,1992,7,3,Thursday,Weekday
300,1992,7,3,Tuesday,Weekday
301,1992,7,3,Wednesday,Weekday
302,1992,8,3,Friday,Weekday
303,1992,8,3,Monday,Weekday
304,1992,8,3,Saturday,Weekend
305,1992,8,3,Sunday,Weekend
306,1992,8,3,Thursday,Weekday
307,1992,8,3,Tuesday,Weekday
308,1992,8,3,Wednesday,Weekday
309,1992,9,3,Friday,Weekday
310,1992,9,3,Monday,Weekday
311,1992,9,3,Saturday,Weekend
312,1992,9,3,Sunday,Weekend
313,1992,9,3,Thursday,Weekday
314,1992,9,3,Tuesday,Weekday
315,1992,9,3,Wednesday,Weekday
316,1992,10,4,Friday,Weekday
317,1992,10,4,Monday,Weekday
318,1992,10,4,Saturday,Weekend
319,1992,10,4,Sunday,Weekend
320,1992,10,4,Thursday,Weekday
321,1992,10,4,Tuesday,Weekday
322,1992,10,4,Wednesday,Weekday
323,1992,11,4,Friday,Weekday
324,1992,11,4,Monday,Weekday
325,1992,11,4,Saturday,Weekend
326,1992,11,4,Sunday,Weekend
327,1992,11,4,Thursday,Weekday
328,1992,11,4,Tuesday,Weekday
329,1992,11,4,Wednesday,Weekday
330,1992,12,4,Friday,Weekday
331,1992,12,4,Monday,Weekday
332,1992,12,4,Saturday,Weekend
333,1992,12,4,Sunday,Weekend
334,1992,12,4,Thursday,Weekday
335,1992,12,4,Tuesday,Weekday
336,1992,12,4,Wednesday,Weekday
337,1993,1,1,Friday,Weekday
338,1993,1,1,Monday,Weekday
339,1993,1,1,Saturday,Weekend
340,1993,1,1,Sunday,Weekend
341,1993,1,1,Thursday,Weekday
342,1993,1,1,Tuesday,Weekday
343,1993,1,1,Wednesday,Weekday
344,1993,2,1,Friday,Weekday
345,1993,2,1,Monday,Weekday
346,1993,2,1,Saturday,Weekend
347,1993,2,1,Sunday,Weekend
348,1993,2,1,Thursday,Weekday
349,1993,2,1,Tuesday,Weekday
350,1993,2,1,Wednesday,Weekday
351,1993,3,1,Friday,Weekday
352,1993,3,1,Monday,Weekday
353,1993,3,1,Saturday,Weekend
354,1993,3,1,Sunday,Weekend
355,1993,3,1,Thursday,Weekday
356,1993,3,1,Tuesday,Weekday
357,1993,3,1,Wednesday,Weekday
358,1993,4,2,Friday,Weekday
359,1993,4,2,Monday,Weekday
360,1993,4,2,Saturday,Weekend
361,1993,4,2,Sunday,Weekend
362,1993,4,2,Thursday,Weekday
363,1993,4,2,Tuesday,Weekday
364,1993,4,2,Wednesday,Weekday
365,1993,5,2,Friday,Weekday
366,1993,5,2,Monday,Weekday
367,1993,5,2,Saturday,Weekend
368,1993,5,2,Sunday,Weekend
369,1993,5,2,Thursday,Weekday
370,1993,5,2,Tuesday,Weekday
371,1993,5,2,Wednesday,Weekday
372,1993,6,2,Friday,Weekday
373,1993,6,2,Monday,Weekday
374,1993,6,2,Saturday,Weekend
375,1993,6,2,Sunday,Weekend
376,1993,6,2,Thursday,Weekday
377,1993,6,2,Tuesday,Weekday
378,1993,6,2,Wednesday,Weekday
379,1993,7,3,Friday,Weekday
380,1993,7,3,Monday,Weekday
381,1993,7,3,Saturday,Weekend
382,1993,7,3,Sunday,Weekend
383,1993,7,3,Thursday,Weekday
384,1993,7,3,Tuesday,Weekday
385,1993,7,3,Wednesday,Weekday
386,1993,8,3,Friday,Weekday
387,1993,8,3,Monday,Weekday
388,1993,8,3,Saturday,Weekend
389,1993,8,3,Sunday,Weekend
390,1993,8,3,Thursday,Weekday
391,1993,8,3,Tuesday,Weekday
392,1993,8,3,Wednesday,Weekday
393,1993,9,3,Friday,Weekday
394,1993,9,3,Monday,Weekday
395,1993,9,3,Saturday,Weekend
396,1993,9,3,Sunday,Weekend
397,1993,9,3,Thursday,Weekday
398,1993,9,3,Tuesday,Weekday
399,1993,9,3,Wednesday,Weekday
400,1993,10,4,Friday,Weekday
401,1993,10,4,Monday,Weekday
402,1993,10,4,Saturday,Weekend
403,1993,10,4,Sunday,Weekend
404,1993,10,4,Thursday,Weekday
405,1993,10,4,Tuesday,Weekday
406,1993,10,4,Wednesday,Weekday
407,1993,11,4,Friday,Weekday
408,1993,11,4,Monday,Weekday
409,1993,11,4,Saturday,Weekend
410,1993,11,4,Sunday,Weekend
411,1993,11,4,Thursday,Weekday
412,1993,11,4,Tuesday,Weekday
413,1993,11,4,Wednesday,Weekday
414,1993,12,4,Friday,Weekday
415,1993,12,4,Monday,Weekday
416,1993,12,4,Saturday,Weekend
417,1993,12,4,Sunday,Weekend
418,1993,12,4,Thursday,Weekday
419,1993,12,4,Tuesday,Weekday
420,1993,12,4,Wednesday,Weekday
421,1994,1,1,Friday,Weekday
422,1994,1,1,Monday,Weekday
423,1994,1,1,Saturday,Weekend
424,1994,1,1,Sunday,Weekend
425,1994,1,1,Thursday,Weekday
426,1994,1,1,Tuesday,Weekday
427,1994,1,1,Wednesday,Weekday
428,1994,2,1,Friday,Weekday
429,1994,2,1,Monday,Weekday
430,1994,2,1,Saturday,Weekend
431,1994,2,1,Sunday,Weekend
432,1994,2,1,Thursday,Weekday
433,1994,2,1,Tuesday,Weekday
434,1994,2,1,Wednesday,Weekday
435,1994,3,1,Friday,Weekday
436,1994,3,1,Monday,Weekday
437,1994,3,1,Saturday,Weekend
438,1994,3,1,Sunday,Weekend
439,1994,3,1,Thursday,Weekday
440,1994,3,1,Tuesday,Weekday
441,1994,3,1,Wednesday,Weekday
442,1994,4,2,Friday,Weekday
443,1994,4,2,Monday,Weekday
444,1994,4,2,Saturday,Weekend
445,1994,4,2,Sunday,Weekend
446,1994,4,2,Thursday,Weekday
447,1994,4,2,Tuesday,Weekday
448,1994,4,2,Wednesday,Weekday
449,1994,5,2,Friday,Weekday
450,1994,5,2,Monday,Weekday
451,1994,5,2,Saturday,Weekend
452,1994,5,2,Sunday,Weekend
453,1994,5,2,Thursday,Weekday
454,1994,5,2,Tuesday,Weekday
455,1994,5,2,Wednesday,Weekday
456,1994,6,2,Friday,Weekday
457,1994,6,2,Monday,Weekday
458,1994,6,2,Saturday,Weekend
459,1994,6,2,Sunday,Weekend
460,1994,6,2,Thursday,Weekday
461,1994,6,2,Tuesday,Weekday
462,1994,6,2,Wednesday,Weekday
463,1994,7,3,Friday,Weekday
464,1994,7,3,Monday,Weekday
465,1994,7,3,Saturday,Weekend
466,1994,7,3,Sunday,Weekend
467,1994,7,3,Thursday,Weekday
468,1994,7,3,Tuesday,Weekday
469,1994,7,3,Wednesday,Weekday
470,1994,8,3,Friday,Weekday
471,1994,8,3,Monday,Weekday
472,1994,8,3,Saturday,Weekend
473,1994,8,3,Sunday,Weekend
474,1994,8,3,Thursday,Weekday
475,1994,8,3,Tuesday,Weekday
476,1994,8,3,Wednesday,Weekday
477,1994,9,3,Friday,Weekday
478,1994,9,3,Monday,Weekday
479,1994,9,3,Saturday,Weekend
480,1994,9,3,Sunday,Weekend
481,1994,9,3,Thursday,Weekday
482,1994,9,3,Tuesday,Weekday
483,1994,9,3,Wednesday,Weekday
484,1994,10,4,Friday,Weekday
485,1994,10,4,Monday,Weekday
486,1994,10,4,Saturday,Weekend
487,1994,10,4,Sunday,Weekend
488,1994,10,4,Thursday,Weekday
489,1994,10,4,Tuesday,Weekday
490,1994,10,4,Wednesday,Weekday
491,1994,11,4,Friday,Weekday
492,1994,11,4,Monday,Weekday
493,1994,11,4,Saturday,Weekend
494,1994,11,4,Sunday,Weekend
495,1994,11,4,Thursday,Weekday
496,1994,11,4,Tuesday,Weekday
497,1994,11,4,Wednesday,Weekday
498,1994,12,4,Friday,Weekday
499,1994,12,4,Monday,Weekday
500,1994,12,4,Saturday,Weekend
501,1994,12,4,Sunday,Weekend
502,1994,12,4,Thursday,Weekday
503,1994,12,4,Tuesday,Weekday
504,1994,12,4,Wednesday,Weekday
505,1995,1,1,Friday,Weekday
506,1995,1,1,Monday,Weekday
507,1995,1,1,Saturday,Weekend
508,1995,1,1,Sunday,Weekend
509,1995,1,1,Thursday,Weekday
510,1995,1,1,Tuesday,Weekday
511,1995,1,1,Wednesday,Weekday
512,1995,2,1,Friday,Weekday
513,1995,2,1,Monday,Weekday
514,1995,2,1,Saturday,Weekend
515,1995,2,1,Sunday,Weekend
516,1995,2,1,Thursday,Weekday
517,1995,2,1,Tuesday,Weekday
518,1995,2,1,Wednesday,Weekday
519,1995,3,1,Friday,Weekday
520,1995,3,1,Monday,Weekday
521,1995,3,1,Saturday,Weekend
522,1995,3,1,Sunday,Weekend
523,1995,3,1,Thursday,Weekday
524,1995,3,1,Tuesday,Weekday
525,1995,3,1,Wednesday,Weekday
526,1995,4,2,Friday,Weekday
527,1995,4,2,Monday,Weekday
528,1995,4,2,Saturday,Weekend
529,1995,4,2,Sunday,Weekend
530,1995,4,2,Thursday,Weekday
531,1995,4,2,Tuesday,Weekday
532,1995,4,2,Wednesday,Weekday
533,1995,5,2,Friday,Weekday
534,1995,5,2,Monday,Weekday
535,1995,5,2,Saturday,Weekend
536,1995,5,2,Sunday,Weekend
537,1995,5,2,Thursday,Weekday
538,1995,5,2,Tuesday,Weekday
539,1995,5,2,Wednesday,Weekday
540,1995,6,2,Friday,Weekday
541,1995,6,2,Monday,Weekday
542,1995,6,2,Saturday,Weekend
543,1995,6,2,Sunday,Weekend
544,1995,6,2,Thursday,Weekday
545,1995,6,2,Tuesday,Weekday
546,1995,6,2,Wednesday,Weekday
547,1995,7,3,Friday,Weekday
548,1995,7,3,Monday,Weekday
549,1995,7,3,Saturday,Weekend
550,1995,7,3,Sunday,Weekend
551,1995,7,3,Thursday,Weekday
552,1995,7,3,Tuesday,Weekday
553,1995,7,3,Wednesday,Weekday
554,1995,8,3,Friday,Weekday
555,1995,8,3,Monday,Weekday
556,1995,8,3,Saturday,Weekend
557,1995,8,3,Sunday,Weekend
558,1995,8,3,Thursday,Weekday
559,1995,8,3,Tuesday,Weekday
560,1995,8,3,Wednesday,Weekday
561,1995,9,3,Friday,Weekday
562,1995,9,3,Monday,Weekday
563,1995,9,3,Saturday,Weekend
564,1995,9,3,Sunday,Weekend
565,1995,9,3,Thursday,Weekday
566,1995,9,3,Tuesday,Weekday
567,1995,9,3,Wednesday,Weekday
568,1995,10,4,Friday,Weekday
569,1995,10,4,Monday,Weekday
570,1995,10,4,Saturday,Weekend
571,1995,10,4,Sunday,Weekend
572,1995,10,4,Thursday,Weekday
573,1995,10,4,Tuesday,Weekday
574,1995,10,4,Wednesday,Weekday
575,1995,11,4,Friday,Weekday
576,1995,11,4,Monday,Weekday
577,1995,11,4,Saturday,Weekend
578,1995,11,4,Sunday,Weekend
579,1995,11,4,Thursday,Weekday
580,1995,11,4,Tuesday,Weekday
581,1995,11,4,Wednesday,Weekday
582,1995,12,4,Friday,Weekday
583,1995,12,4,Monday,Weekday
584,1995,12,4,Saturday,Weekend
585,1995,12,4,Sunday,Weekend
586,1995,12,4,Thursday,Weekday
587,1995,12,4,Tuesday,Weekday
588,1995,12,4,Wednesday,Weekday
589,1996,1,1,Friday,Weekday
590,1996,1,1,Monday,Weekday
591,1996,1,1,Saturday,Weekend
592,1996,1,1,Sunday,Weekend
593,1996,1,1,Thursday,Weekday
594,1996,1,1,Tuesday,Weekday
595,1996,1,1,Wednesday,Weekday
596,1996,2,1,Friday,Weekday
597,1996,2,1,Monday,Weekday
598,1996,2,1,Saturday,Weekend
599,1996,2,1,Sunday,Weekend
600,1996,2,1,Thursday,Weekday
601,1996,2,1,Tuesday,Weekday
602,1996,2,1,Wednesday,Weekday
603,1996,3,1,Friday,Weekday
604,1996,3,1,Monday,Weekday
605,1996,3,1,Saturday,Weekend
606,1996,3,1,Sunday,Weekend
607,1996,3,1,Thursday,Weekday
608,1996,3,1,Tuesday,Weekday
609,1996,3,1,Wednesday,Weekday
610,1996,4,2,Friday,Weekday
611,1996,4,2,Monday,Weekday
612,1996,4,2,Saturday,Weekend
613,1996,4,2,Sunday,Weekend
614,1996,4,2,Thursday,Weekday
615,1996,4,2,Tuesday,Weekday
616,1996,4,2,Wednesday,Weekday
617,1996,5,2,Friday,Weekday
618,1996,5,2,Monday,Weekday
619,1996,5,2,Saturday,Weekend
620,1996,5,2,Sunday,Weekend
621,1996,5,2,Thursday,Weekday
622,1996,5,2,Tuesday,Weekday
623,1996,5,2,Wednesday,Weekday
624,1996,6,2,Friday,Weekday
625,1996,6,2,Monday,Weekday
626,1996,6,2,Saturday,Weekend
627,1996,6,2,Sunday,Weekend
628,1996,6,2,Thursday,Weekday
629,1996,6,2,Tuesday,Weekday
630,1996,6,2,Wednesday,Weekday
631,1996,7,3,Friday,Weekday
632,1996,7,3,Monday,Weekday
633,1996,7,3,Saturday,Weekend
634,1996,7,3,Sunday,Weekend
635,1996,7,3,Thursday,Weekday
636,1996,7,3,Tuesday,Weekday
637,1996,7,3,Wednesday,Weekday
638,1996,8,3,Friday,Weekday
639,1996,8,3,Monday,Weekday
640,1996,8,3,Saturday,Weekend
641,1996,8,3,Sunday,Weekend
642,1996,8,3,Thursday,Weekday
643,1996,8,3,Tuesday,Weekday
644,1996,8,3,Wednesday,Weekday
645,1996,9,3,Friday,Weekday
646,1996,9,3,Monday,Weekday
647,1996,9,3,Saturday,Weekend
648,1996,9,3,Sunday,Weekend
649,1996,9,3,Thursday,Weekday
650,1996,9,3,Tuesday,Weekday
651,1996,9,3,Wednesday,Weekday
652,1996,10,4,Friday,Weekday
653,1996,10,4,Monday,Weekday
654,1996,10,4,Saturday,Weekend
655,1996,10,4,Sunday,Weekend
656,1996,10,4,Thursday,Weekday
657,1996,10,4,Tuesday,Weekday
658,1996,10,4,Wednesday,Weekday
659,1996,11,4,Friday,Weekday
660,1996,11,4,Monday,Weekday
661,1996,11,4,Saturday,Weekend
662,1996,11,4,Sunday,Weekend
663,1996,11,4,Thursday,Weekday
664,1996,11,4,Tuesday,Weekday
665,1996,11,4,Wednesday,Weekday
666,1996,12,4,Friday,Weekday
667,1996,12,4,Monday,Weekday
668,1996,12,4,Saturday,Weekend
669,1996,12,4,Sunday,Weekend
670,1996,12,4,Thursday,Weekday
671,1996,12,4,Tuesday,Weekday
672,1996,12,4,Wednesday,Weekday
673,1997,1,1,Friday,Weekday
674,1997,1,1,Monday,Weekday
675,1997,1,1,Saturday,Weekend
676,1997,1,1,Sunday,Weekend
677,1997,1,1,Thursday,Weekday
678,1997,1,1,Tuesday,Weekday
679,1997,1,1,Wednesday,Weekday
680,1997,2,1,Friday,Weekday
681,1997,2,1,Monday,Weekday
682,1997,2,1,Saturday,Weekend
683,1997,2,1,Sunday,Weekend
684,1997,2,1,Thursday,Weekday
685,1997,2,1,Tuesday,Weekday
686,1997,2,1,Wednesday,Weekday
687,1997,3,1,Friday,Weekday
688,1997,3,1,Monday,Weekday
689,1997,3,1,Saturday,Weekend
690,1997,3,1,Sunday,Weekend
691,1997,3,1,Thursday,Weekday
692,1997,3,1,Tuesday,Weekday
693,1997,3,1,Wednesday,Weekday
694,1997,4,2,Friday,Weekday
695,1997,4,2,Monday,Weekday
696,1997,4,2,Saturday,Weekend
697,1997,4,2,Sunday,Weekend
698,1997,4,2,Thursday,Weekday
699,1997,4,2,Tuesday,Weekday
700,1997,4,2,Wednesday,Weekday
701,1997,5,2,Friday,Weekday
702,1997,5,2,Monday,Weekday
703,1997,5,2,Saturday,Weekend
704,1997,5,2,Sunday,Weekend
705,1997,5,2,Thursday,Weekday
706,1997,5,2,Tuesday,Weekday
707,1997,5,2,Wednesday,Weekday
708,1997,6,2,Friday,Weekday
709,1997,6,2,Monday,Weekday
710,1997,6,2,Saturday,Weekend
711,1997,6,2,Sunday,Weekend
712,1997,6,2,Thursday,Weekday
713,1997,6,2,Tuesday,Weekday
714,1997,6,2,Wednesday,Weekday
715,1997,7,3,Friday,Weekday
716,1997,7,3,Monday,Weekday
717,1997,7,3,Saturday,Weekend
718,1997,7,3,Sunday,Weekend
719,1997,7,3,Thursday,Weekday
720,1997,7,3,Tuesday,Weekday
721,1997,7,3,Wednesday,Weekday
722,1997,8,3,Friday,Weekday
723,1997,8,3,Monday,Weekday
724,1997,8,3,Saturday,Weekend
725,1997,8,3,Sunday,Weekend
726,1997,8,3,Thursday,Weekday
727,1997,8,3,Tuesday,Weekday
728,1997,8,3,Wednesday,Weekday
729,1997,9,3,Friday,Weekday
730,1997,9,3,Monday,Weekday
731,1997,9,3,Saturday,Weekend
732,1997,9,3,Sunday,Weekend
733,1997,9,3,Thursday,Weekday
734,1997,9,3,Tuesday,Weekday
735,1997,9,3,Wednesday,Weekday
736,1997,10,4,Friday,Weekday
737,1997,10,4,Monday,Weekday
738,1997,10,4,Saturday,Weekend
739,1997,10,4,Sunday,Weekend
740,1997,10,4,Thursday,Weekday
741,1997,10,4,Tuesday,Weekday
742,1997,10,4,Wednesday,Weekday
743,1997,11,4,Friday,Weekday
744,1997,11,4,Monday,Weekday
745,1997,11,4,Saturday,Weekend
746,1997,11,4,Sunday,Weekend
747,1997,11,4,Thursday,Weekday
748,1997,11,4,Tuesday,Weekday
749,1997,11,4,Wednesday,Weekday
750,1997,12,4,Friday,Weekday
751,1997,12,4,Monday,Weekday
752,1997,12,4,Saturday,Weekend
753,1997,12,4,Sunday,Weekend
754,1997,12,4,Thursday,Weekday
755,1997,12,4,Tuesday,Weekday
756,1997,12,4,Wednesday,Weekday
757,1998,1,1,Friday,Weekday
758,1998,1,1,Monday,Weekday
759,1998,1,1,Saturday,Weekend
760,1998,1,1,Sunday,Weekend
761,1998,1,1,Thursday,Weekday
762,1998,1,1,Tuesday,Weekday
763,1998,1,1,Wednesday,Weekday
764,1998,2,1,Friday,Weekday
765,1998,2,1,Monday,Weekday
766,1998,2,1,Saturday,Weekend
767,1998,2,1,Sunday,Weekend
768,1998,2,1,Thursday,Weekday
769,1998,2,1,Tuesday,Weekday
770,1998,2,1,Wednesday,Weekday
771,1998,3,1,Friday,Weekday
772,1998,3,1,Monday,Weekday
773,1998,3,1,Saturday,Weekend
774,1998,3,1,Sunday,Weekend
775,1998,3,1,Thursday,Weekday
776,1998,3,1,Tuesday,Weekday
777,1998,3,1,Wednesday,Weekday
778,1998,4,2,Friday,Weekday
779,1998,4,2,Monday,Weekday
780,1998,4,2,Saturday,Weekend
781,1998,4,2,Sunday,Weekend
782,1998,4,2,Thursday,Weekday
783,1998,4,2,Tuesday,Weekday
784,1998,4,2,Wednesday,Weekday
785,1998,5,2,Friday,Weekday
786,1998,5,2,Monday,Weekday
787,1998,5,2,Saturday,Weekend
788,1998,5,2,Sunday,Weekend
789,1998,5,2,Thursday,Weekday
790,1998,5,2,Tuesday,Weekday
791,1998,5,2,Wednesday,Weekday
792,1998,6,2,Friday,Weekday
793,1998,6,2,Monday,Weekday
794,1998,6,2,Saturday,Weekend
795,1998,6,2,Sunday,Weekend
796,1998,6,2,Thursday,Weekday
797,1998,6,2,Tuesday,Weekday
798,1998,6,2,Wednesday,Weekday
799,1998,7,3,Friday,Weekday
800,1998,7,3,Monday,Weekday
801,1998,7,3,Saturday,Weekend
802,1998,7,3,Sunday,Weekend
803,1998,7,3,Thursday,Weekday
804,1998,7,3,Tuesday,Weekday
805,1998,7,3,Wednesday,Weekday
806,1998,8,3,Friday,Weekday
807,1998,8,3,Monday,Weekday
808,1998,8,3,Saturday,Weekend
809,1998,8,3,Sunday,Weekend
810,1998,8,3,Thursday,Weekday
811,1998,8,3,Tuesday,Weekday
812,1998,8,3,Wednesday,Weekday
813,1998,9,3,Friday,Weekday
814,1998,9,3,Monday,Weekday
815,1998,9,3,Saturday,Weekend
816,1998,9,3,Sunday,Weekend
817,1998,9,3,Thursday,Weekday
818,1998,9,3,Tuesday,Weekday
819,1998,9,3,Wednesday,Weekday
820,1998,10,4,Friday,Weekday
821,1998,10,4,Monday,Weekday
822,1998,10,4,Saturday,Weekend
823,1998,10,4,Sunday,Weekend
824,1998,10,4,Thursday,Weekday
825,1998,10,4,Tuesday,Weekday
826,1998,10,4,Wednesday,Weekday
827,1998,11,4,Friday,Weekday
828,1998,11,4,Monday,Weekday
829,1998,11,4,Saturday,Weekend
830,1998,11,4,Sunday,Weekend
831,1998,11,4,Thursday,Weekday
832,1998,11,4,Tuesday,Weekday
833,1998,11,4,Wednesday,Weekday
834,1998,12,4,Friday,Weekday
835,1998,12,4,Monday,Weekday
836,1998,12,4,Saturday,Weekend
837,1998,12,4,Sunday,Weekend
838,1998,12,4,Thursday,Weekday
839,1998,12,4,Tuesday,Weekday
840,1998,12,4,Wednesday,Weekday
841,1999,1,1,Friday,Weekday
842,1999,1,1,Monday,Weekday
843,1999,1,1,Saturday,Weekend
844,1999,1,1,Sunday,Weekend
845,1999,1,1,Thursday,Weekday
846,1999,1,1,Tuesday,Weekday
847,1999,1,1,Wednesday,Weekday
848,1999,2,1,Friday,Weekday
849,1999,2,1,Monday,Weekday
850,1999,2,1,Saturday,Weekend
851,1999,2,1,Sunday,Weekend
852,1999,2,1,Thursday,Weekday
853,1999,2,1,Tuesday,Weekday
854,1999,2,1,Wednesday,Weekday
855,1999,3,1,Friday,Weekday
856,1999,3,1,Monday,Weekday
857,1999,3,1,Saturday,Weekend
858,1999,3,1,Sunday,Weekend
859,1999,3,1,Thursday,Weekday
860,1999,3,1,Tuesday,Weekday
861,1999,3,1,Wednesday,Weekday
862,1999,4,2,Friday,Weekday
863,1999,4,2,Monday,Weekday
864,1999,4,2,Saturday,Weekend
865,1999,4,2,Sunday,Weekend
866,1999,4,2,Thursday,Weekday
867,1999,4,2,Tuesday,Weekday
868,1999,4,2,Wednesday,Weekday
869,1999,5,2,Friday,Weekday
870,1999,5,2,Monday,Weekday
871,1999,5,2,Saturday,Weekend
872,1999,5,2,Sunday,Weekend
873,1999,5,2,Thursday,Weekday
874,1999,5,2,Tuesday,Weekday
875,1999,5,2,Wednesday,Weekday
876,1999,6,2,Friday,Weekday
877,1999,6,2,Monday,Weekday
878,1999,6,2,Saturday,Weekend
879,1999,6,2,Sunday,Weekend
880,1999,6,2,Thursday,Weekday
881,1999,6,2,Tuesday,Weekday
882,1999,6,2,Wednesday,Weekday
883,1999,7,3,Friday,Weekday
884,1999,7,3,Monday,Weekday
885,1999,7,3,Saturday,Weekend
886,1999,7,3,Sunday,Weekend
887,1999,7,3,Thursday,Weekday
888,1999,7,3,Tuesday,Weekday
889,1999,7,3,Wednesday,Weekday
890,1999,8,3,Friday,Weekday
891,1999,8,3,Monday,Weekday
892,1999,8,3,Saturday,Weekend
893,1999,8,3,Sunday,Weekend
894,1999,8,3,Thursday,Weekday
895,1999,8,3,Tuesday,Weekday
896,1999,8,3,Wednesday,Weekday
897,1999,9,3,Friday,Weekday
898,1999,9,3,Monday,Weekday
899,1999,9,3,Saturday,Weekend
900,1999,9,3,Sunday,Weekend
901,1999,9,3,Thursday,Weekday
902,1999,9,3,Tuesday,Weekday
903,1999,9,3,Wednesday,Weekday
904,1999,10,4,Friday,Weekday
905,1999,10,4,Monday,Weekday
906,1999,10,4,Saturday,Weekend
907,1999,10,4,Sunday,Weekend
908,1999,10,4,Thursday,Weekday
909,1999,10,4,Tuesday,Weekday
910,1999,10,4,Wednesday,Weekday
911,1999,11,4,Friday,Weekday
912,1999,11,4,Monday,Weekday
913,1999,11,4,Saturday,Weekend
914,1999,11,4,Sunday,Weekend
915,1999,11,4,Thursday,Weekday
916,1999,11,4,Tuesday,Weekday
917,1999,11,4,Wednesday,Weekday
918,1999,12,4,Friday,Weekday
919,1999,12,4,Monday,Weekday
920,1999,12,4,Saturday,Weekend
921,1999,12,4,Sunday,Weekend
922,1999,12,4,Thursday,Weekday
923,1999,12,4,Tuesday,Weekday
924,1999,12,4,Wednesday,Weekday
925,2000,1,1,Friday,Weekday
926,2000,1,1,Monday,Weekday
927,2000,1,1,Saturday,Weekend
928,2000,1,1,Sunday,Weekend
929,2000,1,1,Thursday,Weekday
930,2000,1,1,Tuesday,Weekday
931,2000,1,1,Wednesday,Weekday
932,2000,2,1,Friday,Weekday
933,2000,2,1,Monday,Weekday
934,2000,2,1,Saturday,Weekend
935,2000,2,1,Sunday,Weekend
936,2000,2,1,Thursday,Weekday
937,2000,2,1,Tuesday,Weekday
938,2000,2,1,Wednesday,Weekday
939,2000,3,1,Friday,Weekday
940,2000,3,1,Monday,Weekday
941,2000,3,1,Saturday,Weekend
942,2000,3,1,Sunday,Weekend
943,2000,3,1,Thursday,Weekday
944,2000,3,1,Tuesday,Weekday
945,2000,3,1,Wednesday,Weekday
946,2000,4,2,Friday,Weekday
947,2000,4,2,Monday,Weekday
948,2000,4,2,Saturday,Weekend
949,2000,4,2,Sunday,Weekend
950,2000,4,2,Thursday,Weekday
951,2000,4,2,Tuesday,Weekday
952,2000,4,2,Wednesday,Weekday
953,2000,5,2,Friday,Weekday
954,2000,5,2,Monday,Weekday
955,2000,5,2,Saturday,Weekend
956,2000,5,2,Sunday,Weekend
957,2000,5,2,Thursday,Weekday
958,2000,5,2,Tuesday,Weekday
959,2000,5,2,Wednesday,Weekday
960,2000,6,2,Friday,Weekday
961,2000,6,2,Monday,Weekday
962,2000,6,2,Saturday,Weekend
963,2000,6,2,Sunday,Weekend
964,2000,6,2,Thursday,Weekday
965,2000,6,2,Tuesday,Weekday
966,2000,6,2,Wednesday,Weekday
967,2000,7,3,Friday,Weekday
968,2000,7,3,Monday,Weekday
969,2000,7,3,Saturday,Weekend
970,2000,7,3,Sunday,Weekend
971,2000,7,3,Thursday,Weekday
972,2000,7,3,Tuesday,Weekday
973,2000,7,3,Wednesday,Weekday
974,2000,8,3,Friday,Weekday
975,2000,8,3,Monday,Weekday
976,2000,8,3,Saturday,Weekend
977,2000,8,3,Sunday,Weekend
978,2000,8,3,Thursday,Weekday
979,2000,8,3,Tuesday,Weekday
980,2000,8,3,Wednesday,Weekday
981,2000,9,3,Friday,Weekday
982,2000,9,3,Monday,Weekday
983,2000,9,3,Saturday,Weekend
984,2000,9,3,Sunday,Weekend
985,2000,9,3,Thursday,Weekday
986,2000,9,3,Tuesday,Weekday
987,2000,9,3,Wednesday,Weekday
988,2000,10,4,Friday,Weekday
989,2000,10,4,Monday,Weekday
990,2000,10,4,Saturday,Weekend
991,2000,10,4,Sunday,Weekend
992,2000,10,4,Thursday,Weekday
993,2000,10,4,Tuesday,Weekday
994,2000,10,4,Wednesday,Weekday
995,2000,11,4,Friday,Weekday
996,2000,11,4,Monday,Weekday
997,2000,11,4,Saturday,Weekend
998,2000,11,4,Sunday,Weekend
999,2000,11,4,Thursday,Weekday
1000,2000,11,4,Tuesday,Weekday
1001,2000,11,4,Wednesday,Weekday
1002,2000,12,4,Friday,Weekday
1003,2000,12,4,Monday,Weekday
1004,2000,12,4,Saturday,Weekend
1005,2000,12,4,Sunday,Weekend
1006,2000,12,4,Thursday,Weekday
1007,2000,12,4,Tuesday,Weekday
1008,2000,12,4,Wednesday,Weekday
1009,2001,1,1,Friday,Weekday
1010,2001,1,1,Monday,Weekday
1011,2001,1,1,Saturday,Weekend
1012,2001,1,1,Sunday,Weekend
1013,2001,1,1,Thursday,Weekday
1014,2001,1,1,Tuesday,Weekday
1015,2001,1,1,Wednesday,Weekday
1016,2001,2,1,Friday,Weekday
1017,2001,2,1,Monday,Weekday
1018,2001,2,1,Saturday,Weekend
1019,2001,2,1,Sunday,Weekend
1020,2001,2,1,Thursday,Weekday
1021,2001,2,1,Tuesday,Weekday
1022,2001,2,1,Wednesday,Weekday
1023,2001,3,1,Friday,Weekday
1024,2001,3,1,Monday,Weekday
1025,2001,3,1,Saturday,Weekend
1026,2001,3,1,Sunday,Weekend
1027,2001,3,1,Thursday,Weekday
1028,2001,3,1,Tuesday,Weekday
1029,2001,3,1,Wednesday,Weekday
1030,2001,4,2,Friday,Weekday
1031,2001,4,2,Monday,Weekday
1032,2001,4,2,Saturday,Weekend
1033,2001,4,2,Sunday,Weekend
1034,2001,4,2,Thursday,Weekday
1035,2001,4,2,Tuesday,Weekday
1036,2001,4,2,Wednesday,Weekday
1037,2001,5,2,Friday,Weekday
1038,2001,5,2,Monday,Weekday
1039,2001,5,2,Saturday,Weekend
1040,2001,5,2,Sunday,Weekend
1041,2001,5,2,Thursday,Weekday
1042,2001,5,2,Tuesday,Weekday
1043,2001,5,2,Wednesday,Weekday
1044,2001,6,2,Friday,Weekday
1045,2001,6,2,Monday,Weekday
1046,2001,6,2,Saturday,Weekend
1047,2001,6,2,Sunday,Weekend
1048,2001,6,2,Thursday,Weekday
1049,2001,6,2,Tuesday,Weekday
1050,2001,6,2,Wednesday,Weekday
1051,2001,7,3,Friday,Weekday
1052,2001,7,3,Monday,Weekday
1053,2001,7,3,Saturday,Weekend
1054,2001,7,3,Sunday,Weekend
1055,2001,7,3,Thursday,Weekday
1056,2001,7,3,Tuesday,Weekday
1057,2001,7,3,Wednesday,Weekday
1058,2001,8,3,Friday,Weekday
1059,2001,8,3,Monday,Weekday
1060,2001,8,3,Saturday,Weekend
1061,2001,8,3,Sunday,Weekend
1062,2001,8,3,Thursday,Weekday
1063,2001,8,3,Tuesday,Weekday
1064,2001,8,3,Wednesday,Weekday
1065,2001,9,3,Friday,Weekday
1066,2001,9,3,Monday,Weekday
1067,2001,9,3,Saturday,Weekend
1068,2001,9,3,Sunday,Weekend
1069,2001,9,3,Thursday,Weekday
1070,2001,9,3,Tuesday,Weekday
1071,2001,9,3,Wednesday,Weekday
1072,2001,10,4,Friday,Weekday
1073,2001,10,4,Monday,Weekday
1074,2001,10,4,Saturday,Weekend
1075,2001,10,4,Sunday,Weekend
1076,2001,10,4,Thursday,Weekday
1077,2001,10,4,Tuesday,Weekday
1078,2001,10,4,Wednesday,Weekday
1079,2001,11,4,Friday,Weekday
1080,2001,11,4,Monday,Weekday
1081,2001,11,4,Saturday,Weekend
1082,2001,11,4,Sunday,Weekend
1083,2001,11,4,Thursday,Weekday
1084,2001,11,4,Tuesday,Weekday
1085,2001,11,4,Wednesday,Weekday
1086,2001,12,4,Friday,Weekday
1087,2001,12,4,Monday,Weekday
1088,2001,12,4,Saturday,Weekend
1089,2001,12,4,Sunday,Weekend
1090,2001,12,4,Thursday,Weekday
1091,2001,12,4,Tuesday,Weekday
1092,2001,12,4,Wednesday,Weekday
1093,2002,1,1,Friday,Weekday
1094,2002,1,1,Monday,Weekday
1095,2002,1,1,Saturday,Weekend
1096,2002,1,1,Sunday,Weekend
1097,2002,1,1,Thursday,Weekday
1098,2002,1,1,Tuesday,Weekday
1099,2002,1,1,Wednesday,Weekday
1100,2002,2,1,Friday,Weekday
1101,2002,2,1,Monday,Weekday
1102,2002,2,1,Saturday,Weekend
1103,2002,2,1,Sunday,Weekend
1104,2002,2,1,Thursday,Weekday
1105,2002,2,1,Tuesday,Weekday
1106,2002,2,1,Wednesday,Weekday
1107,2002,3,1,Friday,Weekday
1108,2002,3,1,Monday,Weekday
1109,2002,3,1,Saturday,Weekend
1110,2002,3,1,Sunday,Weekend
1111,2002,3,1,Thursday,Weekday
1112,2002,3,1,Tuesday,Weekday
1113,2002,3,1,Wednesday,Weekday
1114,2002,4,2,Friday,Weekday
1115,2002,4,2,Monday,Weekday
1116,2002,4,2,Saturday,Weekend
1117,2002,4,2,Sunday,Weekend
1118,2002,4,2,Thursday,Weekday
1119,2002,4,2,Tuesday,Weekday
1120,2002,4,2,Wednesday,Weekday
1121,2002,5,2,Friday,Weekday
1122,2002,5,2,Monday,Weekday
1123,2002,5,2,Saturday,Weekend
1124,2002,5,2,Sunday,Weekend
1125,2002,5,2,Thursday,Weekday
1126,2002,5,2,Tuesday,Weekday
1127,2002,5,2,Wednesday,Weekday
1128,2002,6,2,Friday,Weekday
1129,2002,6,2,Monday,Weekday
1130,2002,6,2,Saturday,Weekend
1131,2002,6,2,Sunday,Weekend
1132,2002,6,2,Thursday,Weekday
1133,2002,6,2,Tuesday,Weekday
1134,2002,6,2,Wednesday,Weekday
1135,2002,7,3,Friday,Weekday
1136,2002,7,3,Monday,Weekday
1137,2002,7,3,Saturday,Weekend
1138,2002,7,3,Sunday,Weekend
1139,2002,7,3,Thursday,Weekday
1140,2002,7,3,Tuesday,Weekday
1141,2002,7,3,Wednesday,Weekday
1142,2002,8,3,Friday,Weekday
1143,2002,8,3,Monday,Weekday
1144,2002,8,3,Saturday,Weekend
1145,2002,8,3,Sunday,Weekend
1146,2002,8,3,Thursday,Weekday
1147,2002,8,3,Tuesday,Weekday
1148,2002,8,3,Wednesday,Weekday
1149,2002,9,3,Friday,Weekday
1150,2002,9,3,Monday,Weekday
1151,2002,9,3,Saturday,Weekend
1152,2002,9,3,Sunday,Weekend
1153,2002,9,3,Thursday,Weekday
1154,2002,9,3,Tuesday,Weekday
1155,2002,9,3,Wednesday,Weekday
1156,2002,10,4,Friday,Weekday
1157,2002,10,4,Monday,Weekday
1158,2002,10,4,Saturday,Weekend
1159,2002,10,4,Sunday,Weekend
1160,2002,10,4,Thursday,Weekday
1161,2002,10,4,Tuesday,Weekday
1162,2002,10,4,Wednesday,Weekday
1163,2002,11,4,Friday,Weekday
1164,2002,11,4,Monday,Weekday
1165,2002,11,4,Saturday,Weekend
1166,2002,11,4,Sunday,Weekend
1167,2002,11,4,Thursday,Weekday
1168,2002,11,4,Tuesday,Weekday
1169,2002,11,4,Wednesday,Weekday
1170,2002,12,4,Friday,Weekday
1171,2002,12,4,Monday,Weekday
1172,2002,12,4,Saturday,Weekend
1173,2002,12,4,Sunday,Weekend
1174,2002,12,4,Thursday,Weekday
1175,2002,12,4,Tuesday,Weekday
1176,2002,12,4,Wednesday,Weekday
1177,2003,1,1,Friday,Weekday
1178,2003,1,1,Monday,Weekday
1179,2003,1,1,Saturday,Weekend
1180,2003,1,1,Sunday,Weekend
1181,2003,1,1,Thursday,Weekday
1182,2003,1,1,Tuesday,Weekday
1183,2003,1,1,Wednesday,Weekday
1184,2003,2,1,Friday,Weekday
1185,2003,2,1,Monday,Weekday
1186,2003,2,1,Saturday,Weekend
1187,2003,2,1,Sunday,Weekend
1188,2003,2,1,Thursday,Weekday
1189,2003,2,1,Tuesday,Weekday
1190,2003,2,1,Wednesday,Weekday
1191,2003,3,1,Friday,Weekday
1192,2003,3,1,Monday,Weekday
1193,2003,3,1,Saturday,Weekend
1194,2003,3,1,Sunday,Weekend
1195,2003,3,1,Thursday,Weekday
1196,2003,3,1,Tuesday,Weekday
1197,2003,3,1,Wednesday,Weekday
1198,2003,4,2,Friday,Weekday
1199,2003,4,2,Monday,Weekday
1200,2003,4,2,Saturday,Weekend
1201,2003,4,2,Sunday,Weekend
1202,2003,4,2,Thursday,Weekday
1203,2003,4,2,Tuesday,Weekday
1204,2003,4,2,Wednesday,Weekday
1205,2003,5,2,Friday,Weekday
1206,2003,5,2,Monday,Weekday
1207,2003,5,2,Saturday,Weekend
1208,2003,5,2,Sunday,Weekend
1209,2003,5,2,Thursday,Weekday
1210,2003,5,2,Tuesday,Weekday
1211,2003,5,2,Wednesday,Weekday
1212,2003,6,2,Friday,Weekday
1213,2003,6,2,Monday,Weekday
1214,2003,6,2,Saturday,Weekend
1215,2003,6,2,Sunday,Weekend
1216,2003,6,2,Thursday,Weekday
1217,2003,6,2,Tuesday,Weekday
1218,2003,6,2,Wednesday,Weekday
1219,2003,7,3,Friday,Weekday
1220,2003,7,3,Monday,Weekday
1221,2003,7,3,Saturday,Weekend
1222,2003,7,3,Sunday,Weekend
1223,2003,7,3,Thursday,Weekday
1224,2003,7,3,Tuesday,Weekday
1225,2003,7,3,Wednesday,Weekday
1226,2003,8,3,Friday,Weekday
1227,2003,8,3,Monday,Weekday
1228,2003,8,3,Saturday,Weekend
1229,2003,8,3,Sunday,Weekend
1230,2003,8,3,Thursday,Weekday
1231,2003,8,3,Tuesday,Weekday
1232,2003,8,3,Wednesday,Weekday
1233,2003,9,3,Friday,Weekday
1234,2003,9,3,Monday,Weekday
1235,2003,9,3,Saturday,Weekend
1236,2003,9,3,Sunday,Weekend
1237,2003,9,3,Thursday,Weekday
1238,2003,9,3,Tuesday,Weekday
1239,2003,9,3,Wednesday,Weekday
1240,2003,10,4,Friday,Weekday
1241,2003,10,4,Monday,Weekday
1242,2003,10,4,Saturday,Weekend
1243,2003,10,4,Sunday,Weekend
1244,2003,10,4,Thursday,Weekday
1245,2003,10,4,Tuesday,Weekday
1246,2003,10,4,Wednesday,Weekday
1247,2003,11,4,Friday,Weekday
1248,2003,11,4,Monday,Weekday
1249,2003,11,4,Saturday,Weekend
1250,2003,11,4,Sunday,Weekend
1251,2003,11,4,Thursday,Weekday
1252,2003,11,4,Tuesday,Weekday
1253,2003,11,4,Wednesday,Weekday
1254,2003,12,4,Friday,Weekday
1255,2003,12,4,Monday,Weekday
1256,2003,12,4,Saturday,Weekend
1257,2003,12,4,Sunday,Weekend
1258,2003,12,4,Thursday,Weekday
1259,2003,12,4,Tuesday,Weekday
1260,2003,12,4,Wednesday,Weekday
1261,2004,1,1,Friday,Weekday
1262,2004,1,1,Monday,Weekday
1263,2004,1,1,Saturday,Weekend
1264,2004,1,1,Sunday,Weekend
1265,2004,1,1,Thursday,Weekday
1266,2004,1,1,Tuesday,Weekday
1267,2004,1,1,Wednesday,Weekday
1268,2004,2,1,Friday,Weekday
1269,2004,2,1,Monday,Weekday
1270,2004,2,1,Saturday,Weekend
1271,2004,2,1,Sunday,Weekend
1272,2004,2,1,Thursday,Weekday
1273,2004,2,1,Tuesday,Weekday
1274,2004,2,1,Wednesday,Weekday
1275,2004,3,1,Friday,Weekday
1276,2004,3,1,Monday,Weekday
1277,2004,3,1,Saturday,Weekend
1278,2004,3,1,Sunday,Weekend
1279,2004,3,1,Thursday,Weekday
1280,2004,3,1,Tuesday,Weekday
1281,2004,3,1,Wednesday,Weekday
1282,2004,4,2,Friday,Weekday
1283,2004,4,2,Monday,Weekday
1284,2004,4,2,Saturday,Weekend
1285,2004,4,2,Sunday,Weekend
1286,2004,4,2,Thursday,Weekday
1287,2004,4,2,Tuesday,Weekday
1288,2004,4,2,Wednesday,Weekday
1289,2004,5,2,Friday,Weekday
1290,2004,5,2,Monday,Weekday
1291,2004,5,2,Saturday,Weekend
1292,2004,5,2,Sunday,Weekend
1293,2004,5,2,Thursday,Weekday
1294,2004,5,2,Tuesday,Weekday
1295,2004,5,2,Wednesday,Weekday
1296,2004,6,2,Friday,Weekday
1297,2004,6,2,Monday,Weekday
1298,2004,6,2,Saturday,Weekend
1299,2004,6,2,Sunday,Weekend
1300,2004,6,2,Thursday,Weekday
1301,2004,6,2,Tuesday,Weekday
1302,2004,6,2,Wednesday,Weekday
1303,2004,7,3,Friday,Weekday
1304,2004,7,3,Monday,Weekday
1305,2004,7,3,Saturday,Weekend
1306,2004,7,3,Sunday,Weekend
1307,2004,7,3,Thursday,Weekday
1308,2004,7,3,Tuesday,Weekday
1309,2004,7,3,Wednesday,Weekday
1310,2004,8,3,Friday,Weekday
1311,2004,8,3,Monday,Weekday
1312,2004,8,3,Saturday,Weekend
1313,2004,8,3,Sunday,Weekend
1314,2004,8,3,Thursday,Weekday
1315,2004,8,3,Tuesday,Weekday
1316,2004,8,3,Wednesday,Weekday
1317,2004,9,3,Friday,Weekday
1318,2004,9,3,Monday,Weekday
1319,2004,9,3,Saturday,Weekend
1320,2004,9,3,Sunday,Weekend
1321,2004,9,3,Thursday,Weekday
1322,2004,9,3,Tuesday,Weekday
1323,2004,9,3,Wednesday,Weekday
1324,2004,10,4,Friday,Weekday
1325,2004,10,4,Monday,Weekday
1326,2004,10,4,Saturday,Weekend
1327,2004,10,4,Sunday,Weekend
1328,2004,10,4,Thursday,Weekday
1329,2004,10,4,Tuesday,Weekday
1330,2004,10,4,Wednesday,Weekday
1331,2004,11,4,Friday,Weekday
1332,2004,11,4,Monday,Weekday
1333,2004,11,4,Saturday,Weekend
1334,2004,11,4,Sunday,Weekend
1335,2004,11,4,Thursday,Weekday
1336,2004,11,4,Tuesday,Weekday
1337,2004,11,4,Wednesday,Weekday
1338,2004,12,4,Friday,Weekday
1339,2004,12,4,Monday,Weekday
1340,2004,12,4,Saturday,Weekend
1341,2004,12,4,Sunday,Weekend
1342,2004,12,4,Thursday,Weekday
1343,2004,12,4,Tuesday,Weekday
1344,2004,12,4,Wednesday,Weekday
1345,2005,1,1,Friday,Weekday
1346,2005,1,1,Monday,Weekday
1347,2005,1,1,Saturday,Weekend
1348,2005,1,1,Sunday,Weekend
1349,2005,1,1,Thursday,Weekday
1350,2005,1,1,Tuesday,Weekday
1351,2005,1,1,Wednesday,Weekday
1352,2005,2,1,Friday,Weekday
1353,2005,2,1,Monday,Weekday
1354,2005,2,1,Saturday,Weekend
1355,2005,2,1,Sunday,Weekend
1356,2005,2,1,Thursday,Weekday
1357,2005,2,1,Tuesday,Weekday
1358,2005,2,1,Wednesday,Weekday
1359,2005,3,1,Friday,Weekday
1360,2005,3,1,Monday,Weekday
1361,2005,3,1,Saturday,Weekend
1362,2005,3,1,Sunday,Weekend
1363,2005,3,1,Thursday,Weekday
1364,2005,3,1,Tuesday,Weekday
1365,2005,3,1,Wednesday,Weekday
1366,2005,4,2,Friday,Weekday
1367,2005,4,2,Monday,Weekday
1368,2005,4,2,Saturday,Weekend
1369,2005,4,2,Sunday,Weekend
1370,2005,4,2,Thursday,Weekday
1371,2005,4,2,Tuesday,Weekday
1372,2005,4,2,Wednesday,Weekday
1373,2005,5,2,Friday,Weekday
1374,2005,5,2,Monday,Weekday
1375,2005,5,2,Saturday,Weekend
1376,2005,5,2,Sunday,Weekend
1377,2005,5,2,Thursday,Weekday
1378,2005,5,2,Tuesday,Weekday
1379,2005,5,2,Wednesday,Weekday
1380,2005,6,2,Friday,Weekday
1381,2005,6,2,Monday,Weekday
1382,2005,6,2,Saturday,Weekend
1383,2005,6,2,Sunday,Weekend
1384,2005,6,2,Thursday,Weekday
1385,2005,6,2,Tuesday,Weekday
1386,2005,6,2,Wednesday,Weekday
1387,2005,7,3,Friday,Weekday
1388,2005,7,3,Monday,Weekday
1389,2005,7,3,Saturday,Weekend
1390,2005,7,3,Sunday,Weekend
1391,2005,7,3,Thursday,Weekday
1392,2005,7,3,Tuesday,Weekday
1393,2005,7,3,Wednesday,Weekday
1394,2005,8,3,Friday,Weekday
1395,2005,8,3,Monday,Weekday
1396,2005,8,3,Saturday,Weekend
1397,2005,8,3,Sunday,Weekend
1398,2005,8,3,Thursday,Weekday
1399,2005,8,3,Tuesday,Weekday
1400,2005,8,3,Wednesday,Weekday
1401,2005,9,3,Friday,Weekday
1402,2005,9,3,Monday,Weekday
1403,2005,9,3,Saturday,Weekend
1404,2005,9,3,Sunday,Weekend
1405,2005,9,3,Thursday,Weekday
1406,2005,9,3,Tuesday,Weekday
1407,2005,9,3,Wednesday,Weekday
1408,2005,10,4,Friday,Weekday
1409,2005,10,4,Monday,Weekday
1410,2005,10,4,Saturday,Weekend
1411,2005,10,4,Sunday,Weekend
1412,2005,10,4,Thursday,Weekday
1413,2005,10,4,Tuesday,Weekday
1414,2005,10,4,Wednesday,Weekday
1415,2005,11,4,Friday,Weekday
1416,2005,11,4,Monday,Weekday
1417,2005,11,4,Saturday,Weekend
1418,2005,11,4,Sunday,Weekend
1419,2005,11,4,Thursday,Weekday
1420,2005,11,4,Tuesday,Weekday
1421,2005,11,4,Wednesday,Weekday
1422,2005,12,4,Friday,Weekday
1423,2005,12,4,Monday,Weekday
1424,2005,12,4,Saturday,Weekend
1425,2005,12,4,Sunday,Weekend
1426,2005,12,4,Thursday,Weekday
1427,2005,12,4,Tuesday,Weekday
1428,2005,12,4,Wednesday,Weekday
1429,2006,1,1,Friday,Weekday
1430,2006,1,1,Monday,Weekday
1431,2006,1,1,Saturday,Weekend
1432,2006,1,1,Sunday,Weekend
1433,2006,1,1,Thursday,Weekday
1434,2006,1,1,Tuesday,Weekday
1435,2006,1,1,Wednesday,Weekday
1436,2006,2,1,Friday,Weekday
1437,2006,2,1,Monday,Weekday
1438,2006,2,1,Saturday,Weekend
1439,2006,2,1,Sunday,Weekend
1440,2006,2,1,Thursday,Weekday
1441,2006,2,1,Tuesday,Weekday
1442,2006,2,1,Wednesday,Weekday
1443,2006,3,1,Friday,Weekday
1444,2006,3,1,Monday,Weekday
1445,2006,3,1,Saturday,Weekend
1446,2006,3,1,Sunday,Weekend
1447,2006,3,1,Thursday,Weekday
1448,2006,3,1,Tuesday,Weekday
1449,2006,3,1,Wednesday,Weekday
1450,2006,4,2,Friday,Weekday
1451,2006,4,2,Monday,Weekday
1452,2006,4,2,Saturday,Weekend
1453,2006,4,2,Sunday,Weekend
1454,2006,4,2,Thursday,Weekday
1455,2006,4,2,Tuesday,Weekday
1456,2006,4,2,Wednesday,Weekday
1457,2006,5,2,Friday,Weekday
1458,2006,5,2,Monday,Weekday
1459,2006,5,2,Saturday,Weekend
1460,2006,5,2,Sunday,Weekend
1461,2006,5,2,Thursday,Weekday
1462,2006,5,2,Tuesday,Weekday
1463,2006,5,2,Wednesday,Weekday
1464,2006,6,2,Friday,Weekday
1465,2006,6,2,Monday,Weekday
1466,2006,6,2,Saturday,Weekend
1467,2006,6,2,Sunday,Weekend
1468,2006,6,2,Thursday,Weekday
1469,2006,6,2,Tuesday,Weekday
1470,2006,6,2,Wednesday,Weekday
1471,2006,7,3,Friday,Weekday
1472,2006,7,3,Monday,Weekday
1473,2006,7,3,Saturday,Weekend
1474,2006,7,3,Sunday,Weekend
1475,2006,7,3,Thursday,Weekday
1476,2006,7,3,Tuesday,Weekday
1477,2006,7,3,Wednesday,Weekday
1478,2006,8,3,Friday,Weekday
1479,2006,8,3,Monday,Weekday
1480,2006,8,3,Saturday,Weekend
1481,2006,8,3,Sunday,Weekend
1482,2006,8,3,Thursday,Weekday
1483,2006,8,3,Tuesday,Weekday
1484,2006,8,3,Wednesday,Weekday
1485,2006,9,3,Friday,Weekday
1486,2006,9,3,Monday,Weekday
1487,2006,9,3,Saturday,Weekend
1488,2006,9,3,Sunday,Weekend
1489,2006,9,3,Thursday,Weekday
1490,2006,9,3,Tuesday,Weekday
1491,2006,9,3,Wednesday,Weekday
1492,2006,10,4,Friday,Weekday
1493,2006,10,4,Monday,Weekday
1494,2006,10,4,Saturday,Weekend
1495,2006,10,4,Sunday,Weekend
1496,2006,10,4,Thursday,Weekday
1497,2006,10,4,Tuesday,Weekday
1498,2006,10,4,Wednesday,Weekday
1499,2006,11,4,Friday,Weekday
1500,2006,11,4,Monday,Weekday
1501,2006,11,4,Saturday,Weekend
1502,2006,11,4,Sunday,Weekend
1503,2006,11,4,Thursday,Weekday
1504,2006,11,4,Tuesday,Weekday
1505,2006,11,4,Wednesday,Weekday
1506,2006,12,4,Friday,Weekday
1507,2006,12,4,Monday,Weekday
1508,2006,12,4,Saturday,Weekend
1509,2006,12,4,Sunday,Weekend
1510,2006,12,4,Thursday,Weekday
1511,2006,12,4,Tuesday,Weekday
1512,2006,12,4,Wednesday,Weekday
1513,2007,1,1,Friday,Weekday
1514,2007,1,1,Monday,Weekday
1515,2007,1,1,Saturday,Weekend
1516,2007,1,1,Sunday,Weekend
1517,2007,1,1,Thursday,Weekday
1518,2007,1,1,Tuesday,Weekday
1519,2007,1,1,Wednesday,Weekday
1520,2007,2,1,Friday,Weekday
1521,2007,2,1,Monday,Weekday
1522,2007,2,1,Saturday,Weekend
1523,2007,2,1,Sunday,Weekend
1524,2007,2,1,Thursday,Weekday
1525,2007,2,1,Tuesday,Weekday
1526,2007,2,1,Wednesday,Weekday
1527,2007,3,1,Friday,Weekday
1528,2007,3,1,Monday,Weekday
1529,2007,3,1,Saturday,Weekend
1530,2007,3,1,Sunday,Weekend
1531,2007,3,1,Thursday,Weekday
1532,2007,3,1,Tuesday,Weekday
1533,2007,3,1,Wednesday,Weekday
1534,2007,4,2,Friday,Weekday
1535,2007,4,2,Monday,Weekday
1536,2007,4,2,Saturday,Weekend
1537,2007,4,2,Sunday,Weekend
1538,2007,4,2,Thursday,Weekday
1539,2007,4,2,Tuesday,Weekday
1540,2007,4,2,Wednesday,Weekday
1541,2007,5,2,Friday,Weekday
1542,2007,5,2,Monday,Weekday
1543,2007,5,2,Saturday,Weekend
1544,2007,5,2,Sunday,Weekend
1545,2007,5,2,Thursday,Weekday
1546,2007,5,2,Tuesday,Weekday
1547,2007,5,2,Wednesday,Weekday
1548,2007,6,2,Friday,Weekday
1549,2007,6,2,Monday,Weekday
1550,2007,6,2,Saturday,Weekend
1551,2007,6,2,Sunday,Weekend
1552,2007,6,2,Thursday,Weekday
1553,2007,6,2,Tuesday,Weekday
1554,2007,6,2,Wednesday,Weekday
1555,2007,7,3,Friday,Weekday
1556,2007,7,3,Monday,Weekday
1557,2007,7,3,Saturday,Weekend
1558,2007,7,3,Sunday,Weekend
1559,2007,7,3,Thursday,Weekday
1560,2007,7,3,Tuesday,Weekday
1561,2007,7,3,Wednesday,Weekday
1562,2007,8,3,Friday,Weekday
1563,2007,8,3,Monday,Weekday
1564,2007,8,3,Saturday,Weekend
1565,2007,8,3,Sunday,Weekend
1566,2007,8,3,Thursday,Weekday
1567,2007,8,3,Tuesday,Weekday
1568,2007,8,3,Wednesday,Weekday
1569,2007,9,3,Friday,Weekday
1570,2007,9,3,Monday,Weekday
1571,2007,9,3,Saturday,Weekend
1572,2007,9,3,Sunday,Weekend
1573,2007,9,3,Thursday,Weekday
1574,2007,9,3,Tuesday,Weekday
1575,2007,9,3,Wednesday,Weekday
1576,2007,10,4,Friday,Weekday
1577,2007,10,4,Monday,Weekday
1578,2007,10,4,Saturday,Weekend
1579,2007,10,4,Sunday,Weekend
1580,2007,10,4,Thursday,Weekday
1581,2007,10,4,Tuesday,Weekday
1582,2007,10,4,Wednesday,Weekday
1583,2007,11,4,Friday,Weekday
1584,2007,11,4,Monday,Weekday
1585,2007,11,4,Saturday,Weekend
1586,2007,11,4,Sunday,Weekend
1587,2007,11,4,Thursday,Weekday
1588,2007,11,4,Tuesday,Weekday
1589,2007,11,4,Wednesday,Weekday
1590,2007,12,4,Friday,Weekday
1591,2007,12,4,Monday,Weekday
1592,2007,12,4,Saturday,Weekend
1593,2007,12,4,Sunday,Weekend
1594,2007,12,4,Thursday,Weekday
1595,2007,12,4,Tuesday,Weekday
1596,2007,12,4,Wednesday,Weekday
1597,2008,1,1,Friday,Weekday
1598,2008,1,1,Monday,Weekday
1599,2008,1,1,Saturday,Weekend
1600,2008,1,1,Sunday,Weekend
1601,2008,1,1,Thursday,Weekday
1602,2008,1,1,Tuesday,Weekday
1603,2008,1,1,Wednesday,Weekday
1604,2008,2,1,Friday,Weekday
1605,2008,2,1,Monday,Weekday
1606,2008,2,1,Saturday,Weekend
1607,2008,2,1,Sunday,Weekend
1608,2008,2,1,Thursday,Weekday
1609,2008,2,1,Tuesday,Weekday
1610,2008,2,1,Wednesday,Weekday
1611,2008,3,1,Friday,Weekday
1612,2008,3,1,Monday,Weekday
1613,2008,3,1,Saturday,Weekend
1614,2008,3,1,Sunday,Weekend
1615,2008,3,1,Thursday,Weekday
1616,2008,3,1,Tuesday,Weekday
1617,2008,3,1,Wednesday,Weekday
1618,2008,4,2,Friday,Weekday
1619,2008,4,2,Monday,Weekday
1620,2008,4,2,Saturday,Weekend
1621,2008,4,2,Sunday,Weekend
1622,2008,4,2,Thursday,Weekday
1623,2008,4,2,Tuesday,Weekday
1624,2008,4,2,Wednesday,Weekday
1625,2008,5,2,Friday,Weekday
1626,2008,5,2,Monday,Weekday
1627,2008,5,2,Saturday,Weekend
1628,2008,5,2,Sunday,Weekend
1629,2008,5,2,Thursday,Weekday
1630,2008,5,2,Tuesday,Weekday
1631,2008,5,2,Wednesday,Weekday
1632,2008,6,2,Friday,Weekday
1633,2008,6,2,Monday,Weekday
1634,2008,6,2,Saturday,Weekend
1635,2008,6,2,Sunday,Weekend
1636,2008,6,2,Thursday,Weekday
1637,2008,6,2,Tuesday,Weekday
1638,2008,6,2,Wednesday,Weekday
1639,2008,7,3,Friday,Weekday
1640,2008,7,3,Monday,Weekday
1641,2008,7,3,Saturday,Weekend
1642,2008,7,3,Sunday,Weekend
1643,2008,7,3,Thursday,Weekday
1644,2008,7,3,Tuesday,Weekday
1645,2008,7,3,Wednesday,Weekday
1646,2008,8,3,Friday,Weekday
1647,2008,8,3,Monday,Weekday
1648,2008,8,3,Saturday,Weekend
1649,2008,8,3,Sunday,Weekend
1650,2008,8,3,Thursday,Weekday
1651,2008,8,3,Tuesday,Weekday
1652,2008,8,3,Wednesday,Weekday
1653,2008,9,3,Friday,Weekday
1654,2008,9,3,Monday,Weekday
1655,2008,9,3,Saturday,Weekend
1656,2008,9,3,Sunday,Weekend
1657,2008,9,3,Thursday,Weekday
1658,2008,9,3,Tuesday,Weekday
1659,2008,9,3,Wednesday,Weekday
1660,2008,10,4,Friday,Weekday
1661,2008,10,4,Monday,Weekday
1662,2008,10,4,Saturday,Weekend
1663,2008,10,4,Sunday,Weekend
1664,2008,10,4,Thursday,Weekday
1665,2008,10,4,Tuesday,Weekday
1666,2008,10,4,Wednesday,Weekday
1667,2008,11,4,Friday,Weekday
1668,2008,11,4,Monday,Weekday
1669,2008,11,4,Saturday,Weekend
1670,2008,11,4,Sunday,Weekend
1671,2008,11,4,Thursday,Weekday
1672,2008,11,4,Tuesday,Weekday
1673,2008,11,4,Wednesday,Weekday
1674,2008,12,4,Friday,Weekday
1675,2008,12,4,Monday,Weekday
1676,2008,12,4,Saturday,Weekend
1677,2008,12,4,Sunday,Weekend
1678,2008,12,4,Thursday,Weekday
1679,2008,12,4,Tuesday,Weekday
1680,2008,12,4,Wednesday,Weekday
1681,2009,1,1,Friday,Weekday
1682,2009,1,1,Monday,Weekday
1683,2009,1,1,Saturday,Weekend
1684,2009,1,1,Sunday,Weekend
1685,2009,1,1,Thursday,Weekday
1686,2009,1,1,Tuesday,Weekday
1687,2009,1,1,Wednesday,Weekday
1688,2009,2,1,Friday,Weekday
1689,2009,2,1,Monday,Weekday
1690,2009,2,1,Saturday,Weekend
1691,2009,2,1,Sunday,Weekend
1692,2009,2,1,Thursday,Weekday
1693,2009,2,1,Tuesday,Weekday
1694,2009,2,1,Wednesday,Weekday
1695,2009,3,1,Friday,Weekday
1696,2009,3,1,Monday,Weekday
1697,2009,3,1,Saturday,Weekend
1698,2009,3,1,Sunday,Weekend
1699,2009,3,1,Thursday,Weekday
1700,2009,3,1,Tuesday,Weekday
1701,2009,3,1,Wednesday,Weekday
1702,2009,4,2,Friday,Weekday
1703,2009,4,2,Monday,Weekday
1704,2009,4,2,Saturday,Weekend
1705,2009,4,2,Sunday,Weekend
1706,2009,4,2,Thursday,Weekday
1707,2009,4,2,Tuesday,Weekday
1708,2009,4,2,Wednesday,Weekday
1709,2009,5,2,Friday,Weekday
1710,2009,5,2,Monday,Weekday
1711,2009,5,2,Saturday,Weekend
1712,2009,5,2,Sunday,Weekend
1713,2009,5,2,Thursday,Weekday
1714,2009,5,2,Tuesday,Weekday
1715,2009,5,2,Wednesday,Weekday
1716,2009,6,2,Friday,Weekday
1717,2009,6,2,Monday,Weekday
1718,2009,6,2,Saturday,Weekend
1719,2009,6,2,Sunday,Weekend
1720,2009,6,2,Thursday,Weekday
1721,2009,6,2,Tuesday,Weekday
1722,2009,6,2,Wednesday,Weekday
1723,2009,7,3,Friday,Weekday
1724,2009,7,3,Monday,Weekday
1725,2009,7,3,Saturday,Weekend
1726,2009,7,3,Sunday,Weekend
1727,2009,7,3,Thursday,Weekday
1728,2009,7,3,Tuesday,Weekday
1729,2009,7,3,Wednesday,Weekday
1730,2009,8,3,Friday,Weekday
1731,2009,8,3,Monday,Weekday
1732,2009,8,3,Saturday,Weekend
1733,2009,8,3,Sunday,Weekend
1734,2009,8,3,Thursday,Weekday
1735,2009,8,3,Tuesday,Weekday
1736,2009,8,3,Wednesday,Weekday
1737,2009,9,3,Friday,Weekday
1738,2009,9,3,Monday,Weekday
1739,2009,9,3,Saturday,Weekend
1740,2009,9,3,Sunday,Weekend
1741,2009,9,3,Thursday,Weekday
1742,2009,9,3,Tuesday,Weekday
1743,2009,9,3,Wednesday,Weekday
1744,2009,10,4,Friday,Weekday
1745,2009,10,4,Monday,Weekday
1746,2009,10,4,Saturday,Weekend
1747,2009,10,4,Sunday,Weekend
1748,2009,10,4,Thursday,Weekday
1749,2009,10,4,Tuesday,Weekday
1750,2009,10,4,Wednesday,Weekday
1751,2009,11,4,Friday,Weekday
1752,2009,11,4,Monday,Weekday
1753,2009,11,4,Saturday,Weekend
1754,2009,11,4,Sunday,Weekend
1755,2009,11,4,Thursday,Weekday
1756,2009,11,4,Tuesday,Weekday
1757,2009,11,4,Wednesday,Weekday
1758,2009,12,4,Friday,Weekday
1759,2009,12,4,Monday,Weekday
1760,2009,12,4,Saturday,Weekend
1761,2009,12,4,Sunday,Weekend
1762,2009,12,4,Thursday,Weekday
1763,2009,12,4,Tuesday,Weekday
1764,2009,12,4,Wednesday,Weekday
1765,2010,1,1,Friday,Weekday
1766,2010,1,1,Monday,Weekday
1767,2010,1,1,Saturday,Weekend
1768,2010,1,1,Sunday,Weekend
1769,2010,1,1,Thursday,Weekday
1770,2010,1,1,Tuesday,Weekday
1771,2010,1,1,Wednesday,Weekday
1772,2010,2,1,Friday,Weekday
1773,2010,2,1,Monday,Weekday
1774,2010,2,1,Saturday,Weekend
1775,2010,2,1,Sunday,Weekend
1776,2010,2,1,Thursday,Weekday
1777,2010,2,1,Tuesday,Weekday
1778,2010,2,1,Wednesday,Weekday
1779,2010,3,1,Friday,Weekday
1780,2010,3,1,Monday,Weekday
1781,2010,3,1,Saturday,Weekend
1782,2010,3,1,Sunday,Weekend
1783,2010,3,1,Thursday,Weekday
1784,2010,3,1,Tuesday,Weekday
1785,2010,3,1,Wednesday,Weekday
1786,2010,4,2,Friday,Weekday
1787,2010,4,2,Monday,Weekday
1788,2010,4,2,Saturday,Weekend
1789,2010,4,2,Sunday,Weekend
1790,2010,4,2,Thursday,Weekday
1791,2010,4,2,Tuesday,Weekday
1792,2010,4,2,Wednesday,Weekday
1793,2010,5,2,Friday,Weekday
1794,2010,5,2,Monday,Weekday
1795,2010,5,2,Saturday,Weekend
1796,2010,5,2,Sunday,Weekend
1797,2010,5,2,Thursday,Weekday
1798,2010,5,2,Tuesday,Weekday
1799,2010,5,2,Wednesday,Weekday
1800,2010,6,2,Friday,Weekday
1801,2010,6,2,Monday,Weekday
1802,2010,6,2,Saturday,Weekend
1803,2010,6,2,Sunday,Weekend
1804,2010,6,2,Thursday,Weekday
1805,2010,6,2,Tuesday,Weekday
1806,2010,6,2,Wednesday,Weekday
1807,2010,7,3,Friday,Weekday
1808,2010,7,3,Monday,Weekday
1809,2010,7,3,Saturday,Weekend
1810,2010,7,3,Sunday,Weekend
1811,2010,7,3,Thursday,Weekday
1812,2010,7,3,Tuesday,Weekday
1813,2010,7,3,Wednesday,Weekday
1814,2010,8,3,Friday,Weekday
1815,2010,8,3,Monday,Weekday
1816,2010,8,3,Saturday,Weekend
1817,2010,8,3,Sunday,Weekend
1818,2010,8,3,Thursday,Weekday
1819,2010,8,3,Tuesday,Weekday
1820,2010,8,3,Wednesday,Weekday
1821,2010,9,3,Friday,Weekday
1822,2010,9,3,Monday,Weekday
1823,2010,9,3,Saturday,Weekend
1824,2010,9,3,Sunday,Weekend
1825,2010,9,3,Thursday,Weekday
1826,2010,9,3,Tuesday,Weekday
1827,2010,9,3,Wednesday,Weekday
1828,2010,10,4,Friday,Weekday
1829,2010,10,4,Monday,Weekday
1830,2010,10,4,Saturday,Weekend
1831,2010,10,4,Sunday,Weekend
1832,2010,10,4,Thursday,Weekday
1833,2010,10,4,Tuesday,Weekday
1834,2010,10,4,Wednesday,Weekday
1835,2010,11,4,Friday,Weekday
1836,2010,11,4,Monday,Weekday
1837,2010,11,4,Saturday,Weekend
1838,2010,11,4,Sunday,Weekend
1839,2010,11,4,Thursday,Weekday
1840,2010,11,4,Tuesday,Weekday
1841,2010,11,4,Wednesday,Weekday
1842,2010,12,4,Friday,Weekday
1843,2010,12,4,Monday,Weekday
1844,2010,12,4,Saturday,Weekend
1845,2010,12,4,Sunday,Weekend
1846,2010,12,4,Thursday,Weekday
1847,2010,12,4,Tuesday,Weekday
1848,2010,12,4,Wednesday,Weekday
1849,2011,1,1,Friday,Weekday
1850,2011,1,1,Monday,Weekday
1851,2011,1,1,Saturday,Weekend
1852,2011,1,1,Sunday,Weekend
1853,2011,1,1,Thursday,Weekday
1854,2011,1,1,Tuesday,Weekday
1855,2011,1,1,Wednesday,Weekday
1856,2011,2,1,Friday,Weekday
1857,2011,2,1,Monday,Weekday
1858,2011,2,1,Saturday,Weekend
1859,2011,2,1,Sunday,Weekend
1860,2011,2,1,Thursday,Weekday
1861,2011,2,1,Tuesday,Weekday
1862,2011,2,1,Wednesday,Weekday
1863,2011,3,1,Friday,Weekday
1864,2011,3,1,Monday,Weekday
1865,2011,3,1,Saturday,Weekend
1866,2011,3,1,Sunday,Weekend
1867,2011,3,1,Thursday,Weekday
1868,2011,3,1,Tuesday,Weekday
1869,2011,3,1,Wednesday,Weekday
1870,2011,4,2,Friday,Weekday
1871,2011,4,2,Monday,Weekday
1872,2011,4,2,Saturday,Weekend
1873,2011,4,2,Sunday,Weekend
1874,2011,4,2,Thursday,Weekday
1875,2011,4,2,Tuesday,Weekday
1876,2011,4,2,Wednesday,Weekday
1877,2011,5,2,Friday,Weekday
1878,2011,5,2,Monday,Weekday
1879,2011,5,2,Saturday,Weekend
1880,2011,5,2,Sunday,Weekend
1881,2011,5,2,Thursday,Weekday
1882,2011,5,2,Tuesday,Weekday
1883,2011,5,2,Wednesday,Weekday
1884,2011,6,2,Friday,Weekday
1885,2011,6,2,Monday,Weekday
1886,2011,6,2,Saturday,Weekend
1887,2011,6,2,Sunday,Weekend
1888,2011,6,2,Thursday,Weekday
1889,2011,6,2,Tuesday,Weekday
1890,2011,6,2,Wednesday,Weekday
1891,2011,7,3,Friday,Weekday
1892,2011,7,3,Monday,Weekday
1893,2011,7,3,Saturday,Weekend
1894,2011,7,3,Sunday,Weekend
1895,2011,7,3,Thursday,Weekday
1896,2011,7,3,Tuesday,Weekday
1897,2011,7,3,Wednesday,Weekday
1898,2011,8,3,Friday,Weekday
1899,2011,8,3,Monday,Weekday
1900,2011,8,3,Saturday,Weekend
1901,2011,8,3,Sunday,Weekend
1902,2011,8,3,Thursday,Weekday
1903,2011,8,3,Tuesday,Weekday
1904,2011,8,3,Wednesday,Weekday
1905,2011,9,3,Friday,Weekday
1906,2011,9,3,Monday,Weekday
1907,2011,9,3,Saturday,Weekend
1908,2011,9,3,Sunday,Weekend
1909,2011,9,3,Thursday,Weekday
1910,2011,9,3,Tuesday,Weekday
1911,2011,9,3,Wednesday,Weekday
1912,2011,10,4,Friday,Weekday
1913,2011,10,4,Monday,Weekday
1914,2011,10,4,Saturday,Weekend
1915,2011,10,4,Sunday,Weekend
1916,2011,10,4,Thursday,Weekday
1917,2011,10,4,Tuesday,Weekday
1918,2011,10,4,Wednesday,Weekday
1919,2011,11,4,Friday,Weekday
1920,2011,11,4,Monday,Weekday
1921,2011,11,4,Saturday,Weekend
1922,2011,11,4,Sunday,Weekend
1923,2011,11,4,Thursday,Weekday
1924,2011,11,4,Tuesday,Weekday
1925,2011,11,4,Wednesday,Weekday
1926,2011,12,4,Friday,Weekday
1927,2011,12,4,Monday,Weekday
1928,2011,12,4,Saturday,Weekend
1929,2011,12,4,Sunday,Weekend
1930,2011,12,4,Thursday,Weekday
1931,2011,12,4,Tuesday,Weekday
1932,2011,12,4,Wednesday,Weekday
1933,2012,1,1,Friday,Weekday
1934,2012,1,1,Monday,Weekday
1935,2012,1,1,Saturday,Weekend
1936,2012,1,1,Sunday,Weekend
1937,2012,1,1,Thursday,Weekday
1938,2012,1,1,Tuesday,Weekday
1939,2012,1,1,Wednesday,Weekday
1940,2012,2,1,Friday,Weekday
1941,2012,2,1,Monday,Weekday
1942,2012,2,1,Saturday,Weekend
1943,2012,2,1,Sunday,Weekend
1944,2012,2,1,Thursday,Weekday
1945,2012,2,1,Tuesday,Weekday
1946,2012,2,1,Wednesday,Weekday
1947,2012,3,1,Friday,Weekday
1948,2012,3,1,Monday,Weekday
1949,2012,3,1,Saturday,Weekend
1950,2012,3,1,Sunday,Weekend
1951,2012,3,1,Thursday,Weekday
1952,2012,3,1,Tuesday,Weekday
1953,2012,3,1,Wednesday,Weekday
1954,2012,4,2,Friday,Weekday
1955,2012,4,2,Monday,Weekday
1956,2012,4,2,Saturday,Weekend
1957,2012,4,2,Sunday,Weekend
1958,2012,4,2,Thursday,Weekday
1959,2012,4,2,Tuesday,Weekday
1960,2012,4,2,Wednesday,Weekday
1961,2012,5,2,Friday,Weekday
1962,2012,5,2,Monday,Weekday
1963,2012,5,2,Saturday,Weekend
1964,2012,5,2,Sunday,Weekend
1965,2012,5,2,Thursday,Weekday
1966,2012,5,2,Tuesday,Weekday
1967,2012,5,2,Wednesday,Weekday
1968,2012,6,2,Friday,Weekday
1969,2012,6,2,Monday,Weekday
1970,2012,6,2,Saturday,Weekend
1971,2012,6,2,Sunday,Weekend
1972,2012,6,2,Thursday,Weekday
1973,2012,6,2,Tuesday,Weekday
1974,2012,6,2,Wednesday,Weekday
1975,2012,7,3,Friday,Weekday
1976,2012,7,3,Monday,Weekday
1977,2012,7,3,Saturday,Weekend
1978,2012,7,3,Sunday,Weekend
1979,2012,7,3,Thursday,Weekday
1980,2012,7,3,Tuesday,Weekday
1981,2012,7,3,Wednesday,Weekday
1982,2012,8,3,Friday,Weekday
1983,2012,8,3,Monday,Weekday
1984,2012,8,3,Saturday,Weekend
1985,2012,8,3,Sunday,Weekend
1986,2012,8,3,Thursday,Weekday
1987,2012,8,3,Tuesday,Weekday
1988,2012,8,3,Wednesday,Weekday
1989,2012,9,3,Friday,Weekday
1990,2012,9,3,Monday,Weekday
1991,2012,9,3,Saturday,Weekend
1992,2012,9,3,Sunday,Weekend
1993,2012,9,3,Thursday,Weekday
1994,2012,9,3,Tuesday,Weekday
1995,2012,9,3,Wednesday,Weekday
1996,2012,10,4,Friday,Weekday
1997,2012,10,4,Monday,Weekday
1998,2012,10,4,Saturday,Weekend
1999,2012,10,4,Sunday,Weekend
2000,2012,10,4,Thursday,Weekday
2001,2012,10,4,Tuesday,Weekday
2002,2012,10,4,Wednesday,Weekday
2003,2012,11,4,Friday,Weekday
2004,2012,11,4,Monday,Weekday
2005,2012,11,4,Saturday,Weekend
2006,2012,11,4,Sunday,Weekend
2007,2012,11,4,Thursday,Weekday
2008,2012,11,4,Tuesday,Weekday
2009,2012,11,4,Wednesday,Weekday
2010,2012,12,4,Friday,Weekday
2011,2012,12,4,Monday,Weekday
2012,2012,12,4,Saturday,Weekend
2013,2012,12,4,Sunday,Weekend
2014,2012,12,4,Thursday,Weekday
2015,2012,12,4,Tuesday,Weekday
2016,2012,12,4,Wednesday,Weekday
2017,2013,1,1,Friday,Weekday
2018,2013,1,1,Monday,Weekday
2019,2013,1,1,Saturday,Weekend
2020,2013,1,1,Sunday,Weekend
2021,2013,1,1,Thursday,Weekday
2022,2013,1,1,Tuesday,Weekday
2023,2013,1,1,Wednesday,Weekday
2024,2013,2,1,Friday,Weekday
2025,2013,2,1,Monday,Weekday
2026,2013,2,1,Saturday,Weekend
2027,2013,2,1,Sunday,Weekend
2028,2013,2,1,Thursday,Weekday
2029,2013,2,1,Tuesday,Weekday
2030,2013,2,1,Wednesday,Weekday
2031,2013,3,1,Friday,Weekday
2032,2013,3,1,Monday,Weekday
2033,2013,3,1,Saturday,Weekend
2034,2013,3,1,Sunday,Weekend
2035,2013,3,1,Thursday,Weekday
2036,2013,3,1,Tuesday,Weekday
2037,2013,3,1,Wednesday,Weekday
2038,2013,4,2,Friday,Weekday
2039,2013,4,2,Monday,Weekday
2040,2013,4,2,Saturday,Weekend
2041,2013,4,2,Sunday,Weekend
2042,2013,4,2,Thursday,Weekday
2043,2013,4,2,Tuesday,Weekday
2044,2013,4,2,Wednesday,Weekday
2045,2013,5,2,Friday,Weekday
2046,2013,5,2,Monday,Weekday
2047,2013,5,2,Saturday,Weekend
2048,2013,5,2,Sunday,Weekend
2049,2013,5,2,Thursday,Weekday
2050,2013,5,2,Tuesday,Weekday
2051,2013,5,2,Wednesday,Weekday
2052,2013,6,2,Friday,Weekday
2053,2013,6,2,Monday,Weekday
2054,2013,6,2,Saturday,Weekend
2055,2013,6,2,Sunday,Weekend
2056,2013,6,2,Thursday,Weekday
2057,2013,6,2,Tuesday,Weekday
2058,2013,6,2,Wednesday,Weekday
2059,2013,7,3,Friday,Weekday
2060,2013,7,3,Monday,Weekday
2061,2013,7,3,Saturday,Weekend
2062,2013,7,3,Sunday,Weekend
2063,2013,7,3,Thursday,Weekday
2064,2013,7,3,Tuesday,Weekday
2065,2013,7,3,Wednesday,Weekday
2066,2013,8,3,Friday,Weekday
2067,2013,8,3,Monday,Weekday
2068,2013,8,3,Saturday,Weekend
2069,2013,8,3,Sunday,Weekend
2070,2013,8,3,Thursday,Weekday
2071,2013,8,3,Tuesday,Weekday
2072,2013,8,3,Wednesday,Weekday
2073,2013,9,3,Friday,Weekday
2074,2013,9,3,Monday,Weekday
2075,2013,9,3,Saturday,Weekend
2076,2013,9,3,Sunday,Weekend
2077,2013,9,3,Thursday,Weekday
2078,2013,9,3,Tuesday,Weekday
2079,2013,9,3,Wednesday,Weekday
2080,2013,10,4,Friday,Weekday
2081,2013,10,4,Monday,Weekday
2082,2013,10,4,Saturday,Weekend
2083,2013,10,4,Sunday,Weekend
2084,2013,10,4,Thursday,Weekday
2085,2013,10,4,Tuesday,Weekday
2086,2013,10,4,Wednesday,Weekday
2087,2013,11,4,Friday,Weekday
2088,2013,11,4,Monday,Weekday
2089,2013,11,4,Saturday,Weekend
2090,2013,11,4,Sunday,Weekend
2091,2013,11,4,Thursday,Weekday
2092,2013,11,4,Tuesday,Weekday
2093,2013,11,4,Wednesday,Weekday
2094,2013,12,4,Friday,Weekday
2095,2013,12,4,Monday,Weekday
2096,2013,12,4,Saturday,Weekend
2097,2013,12,4,Sunday,Weekend
2098,2013,12,4,Thursday,Weekday
2099,2013,12,4,Tuesday,Weekday
2100,2013,12,4,Wednesday,Weekday
2101,2014,1,1,Friday,Weekday
2102,2014,1,1,Monday,Weekday
2103,2014,1,1,Saturday,Weekend
2104,2014,1,1,Sunday,Weekend
2105,2014,1,1,Thursday,Weekday
2106,2014,1,1,Tuesday,Weekday
2107,2014,1,1,Wednesday,Weekday
2108,2014,2,1,Friday,Weekday
2109,2014,2,1,Monday,Weekday
2110,2014,2,1,Saturday,Weekend
2111,2014,2,1,Sunday,Weekend
2112,2014,2,1,Thursday,Weekday
2113,2014,2,1,Tuesday,Weekday
2114,2014,2,1,Wednesday,Weekday
2115,2014,3,1,Friday,Weekday
2116,2014,3,1,Monday,Weekday
2117,2014,3,1,Saturday,Weekend
2118,2014,3,1,Sunday,Weekend
2119,2014,3,1,Thursday,Weekday
2120,2014,3,1,Tuesday,Weekday
2121,2014,3,1,Wednesday,Weekday
2122,2014,4,2,Friday,Weekday
2123,2014,4,2,Monday,Weekday
2124,2014,4,2,Saturday,Weekend
2125,2014,4,2,Sunday,Weekend
2126,2014,4,2,Thursday,Weekday
2127,2014,4,2,Tuesday,Weekday
2128,2014,4,2,Wednesday,Weekday
2129,2014,5,2,Friday,Weekday
2130,2014,5,2,Monday,Weekday
2131,2014,5,2,Saturday,Weekend
2132,2014,5,2,Sunday,Weekend
2133,2014,5,2,Thursday,Weekday
2134,2014,5,2,Tuesday,Weekday
2135,2014,5,2,Wednesday,Weekday
2136,2014,6,2,Friday,Weekday
2137,2014,6,2,Monday,Weekday
2138,2014,6,2,Saturday,Weekend
2139,2014,6,2,Sunday,Weekend
2140,2014,6,2,Thursday,Weekday
2141,2014,6,2,Tuesday,Weekday
2142,2014,6,2,Wednesday,Weekday
2143,2014,7,3,Friday,Weekday
2144,2014,7,3,Monday,Weekday
2145,2014,7,3,Saturday,Weekend
2146,2014,7,3,Sunday,Weekend
2147,2014,7,3,Thursday,Weekday
2148,2014,7,3,Tuesday,Weekday
2149,2014,7,3,Wednesday,Weekday
2150,2014,8,3,Friday,Weekday
2151,2014,8,3,Monday,Weekday
2152,2014,8,3,Saturday,Weekend
2153,2014,8,3,Sunday,Weekend
2154,2014,8,3,Thursday,Weekday
2155,2014,8,3,Tuesday,Weekday
2156,2014,8,3,Wednesday,Weekday
2157,2014,9,3,Friday,Weekday
2158,2014,9,3,Monday,Weekday
2159,2014,9,3,Saturday,Weekend
2160,2014,9,3,Sunday,Weekend
2161,2014,9,3,Thursday,Weekday
2162,2014,9,3,Tuesday,Weekday
2163,2014,9,3,Wednesday,Weekday
2164,2014,10,4,Friday,Weekday
2165,2014,10,4,Monday,Weekday
2166,2014,10,4,Saturday,Weekend
2167,2014,10,4,Sunday,Weekend
2168,2014,10,4,Thursday,Weekday
2169,2014,10,4,Tuesday,Weekday
2170,2014,10,4,Wednesday,Weekday
2171,2014,11,4,Friday,Weekday
2172,2014,11,4,Monday,Weekday
2173,2014,11,4,Saturday,Weekend
2174,2014,11,4,Sunday,Weekend
2175,2014,11,4,Thursday,Weekday
2176,2014,11,4,Tuesday,Weekday
2177,2014,11,4,Wednesday,Weekday
2178,2014,12,4,Friday,Weekday
2179,2014,12,4,Monday,Weekday
2180,2014,12,4,Saturday,Weekend
2181,2014,12,4,Sunday,Weekend
2182,2014,12,4,Thursday,Weekday
2183,2014,12,4,Tuesday,Weekday
2184,2014,12,4,Wednesday,Weekday
2185,2015,1,1,Friday,Weekday
2186,2015,1,1,Monday,Weekday
2187,2015,1,1,Saturday,Weekend
2188,2015,1,1,Sunday,Weekend
2189,2015,1,1,Thursday,Weekday
2190,2015,1,1,Tuesday,Weekday
2191,2015,1,1,Wednesday,Weekday
2192,2015,2,1,Friday,Weekday
2193,2015,2,1,Monday,Weekday
2194,2015,2,1,Saturday,Weekend
2195,2015,2,1,Sunday,Weekend
2196,2015,2,1,Thursday,Weekday
2197,2015,2,1,Tuesday,Weekday
2198,2015,2,1,Wednesday,Weekday
2199,2015,3,1,Friday,Weekday
2200,2015,3,1,Monday,Weekday
2201,2015,3,1,Saturday,Weekend
2202,2015,3,1,Sunday,Weekend
2203,2015,3,1,Thursday,Weekday
2204,2015,3,1,Tuesday,Weekday
2205,2015,3,1,Wednesday,Weekday
2206,2015,4,2,Friday,Weekday
2207,2015,4,2,Monday,Weekday
2208,2015,4,2,Saturday,Weekend
2209,2015,4,2,Sunday,Weekend
2210,2015,4,2,Thursday,Weekday
2211,2015,4,2,Tuesday,Weekday
2212,2015,4,2,Wednesday,Weekday
2213,2015,5,2,Friday,Weekday
2214,2015,5,2,Monday,Weekday
2215,2015,5,2,Saturday,Weekend
2216,2015,5,2,Sunday,Weekend
2217,2015,5,2,Thursday,Weekday
2218,2015,5,2,Tuesday,Weekday
2219,2015,5,2,Wednesday,Weekday
2220,2015,6,2,Friday,Weekday
2221,2015,6,2,Monday,Weekday
2222,2015,6,2,Saturday,Weekend
2223,2015,6,2,Sunday,Weekend
2224,2015,6,2,Thursday,Weekday
2225,2015,6,2,Tuesday,Weekday
2226,2015,6,2,Wednesday,Weekday
2227,2015,7,3,Friday,Weekday
2228,2015,7,3,Monday,Weekday
2229,2015,7,3,Saturday,Weekend
2230,2015,7,3,Sunday,Weekend
2231,2015,7,3,Thursday,Weekday
2232,2015,7,3,Tuesday,Weekday
2233,2015,7,3,Wednesday,Weekday
2234,2015,8,3,Friday,Weekday
2235,2015,8,3,Monday,Weekday
2236,2015,8,3,Saturday,Weekend
2237,2015,8,3,Sunday,Weekend
2238,2015,8,3,Thursday,Weekday
2239,2015,8,3,Tuesday,Weekday
2240,2015,8,3,Wednesday,Weekday
2241,2015,9,3,Friday,Weekday
2242,2015,9,3,Monday,Weekday
2243,2015,9,3,Saturday,Weekend
2244,2015,9,3,Sunday,Weekend
2245,2015,9,3,Thursday,Weekday
2246,2015,9,3,Tuesday,Weekday
2247,2015,9,3,Wednesday,Weekday
2248,2015,10,4,Friday,Weekday
2249,2015,10,4,Monday,Weekday
2250,2015,10,4,Saturday,Weekend
2251,2015,10,4,Sunday,Weekend
2252,2015,10,4,Thursday,Weekday
2253,2015,10,4,Tuesday,Weekday
2254,2015,10,4,Wednesday,Weekday
2255,2015,11,4,Friday,Weekday
2256,2015,11,4,Monday,Weekday
2257,2015,11,4,Saturday,Weekend
2258,2015,11,4,Sunday,Weekend
2259,2015,11,4,Thursday,Weekday
2260,2015,11,4,Tuesday,Weekday
2261,2015,11,4,Wednesday,Weekday
2262,2015,12,4,Friday,Weekday
2263,2015,12,4,Monday,Weekday
2264,2015,12,4,Saturday,Weekend
2265,2015,12,4,Sunday,Weekend
2266,2015,12,4,Thursday,Weekday
2267,2015,12,4,Tuesday,Weekday
2268,2015,12,4,Wednesday,Weekday
2269,2016,1,1,Friday,Weekday
2270,2016,1,1,Monday,Weekday
2271,2016,1,1,Saturday,Weekend
2272,2016,1,1,Sunday,Weekend
2273,2016,1,1,Thursday,Weekday
2274,2016,1,1,Tuesday,Weekday
2275,2016,1,1,Wednesday,Weekday
2276,2016,2,1,Friday,Weekday
2277,2016,2,1,Monday,Weekday
2278,2016,2,1,Saturday,Weekend
2279,2016,2,1,Sunday,Weekend
2280,2016,2,1,Thursday,Weekday
2281,2016,2,1,Tuesday,Weekday
2282,2016,2,1,Wednesday,Weekday
2283,2016,3,1,Friday,Weekday
2284,2016,3,1,Monday,Weekday
2285,2016,3,1,Saturday,Weekend
2286,2016,3,1,Sunday,Weekend
2287,2016,3,1,Thursday,Weekday
2288,2016,3,1,Tuesday,Weekday
2289,2016,3,1,Wednesday,Weekday
2290,2016,4,2,Friday,Weekday
2291,2016,4,2,Monday,Weekday
2292,2016,4,2,Saturday,Weekend
2293,2016,4,2,Sunday,Weekend
2294,2016,4,2,Thursday,Weekday
2295,2016,4,2,Tuesday,Weekday
2296,2016,4,2,Wednesday,Weekday
2297,2016,5,2,Friday,Weekday
2298,2016,5,2,Monday,Weekday
2299,2016,5,2,Saturday,Weekend
2300,2016,5,2,Sunday,Weekend
2301,2016,5,2,Thursday,Weekday
2302,2016,5,2,Tuesday,Weekday
2303,2016,5,2,Wednesday,Weekday
2304,2016,6,2,Friday,Weekday
2305,2016,6,2,Monday,Weekday
2306,2016,6,2,Saturday,Weekend
2307,2016,6,2,Sunday,Weekend
2308,2016,6,2,Thursday,Weekday
2309,2016,6,2,Tuesday,Weekday
2310,2016,6,2,Wednesday,Weekday
2311,2016,7,3,Friday,Weekday
2312,2016,7,3,Monday,Weekday
2313,2016,7,3,Saturday,Weekend
2314,2016,7,3,Sunday,Weekend
2315,2016,7,3,Thursday,Weekday
2316,2016,7,3,Tuesday,Weekday
2317,2016,7,3,Wednesday,Weekday
2318,2016,8,3,Friday,Weekday
2319,2016,8,3,Monday,Weekday
2320,2016,8,3,Saturday,Weekend
2321,2016,8,3,Sunday,Weekend
2322,2016,8,3,Thursday,Weekday
2323,2016,8,3,Tuesday,Weekday
2324,2016,8,3,Wednesday,Weekday
2325,2016,9,3,Friday,Weekday
2326,2016,9,3,Monday,Weekday
2327,2016,9,3,Saturday,Weekend
2328,2016,9,3,Sunday,Weekend
2329,2016,9,3,Thursday,Weekday
2330,2016,9,3,Tuesday,Weekday
2331,2016,9,3,Wednesday,Weekday
2332,2016,10,4,Friday,Weekday
2333,2016,10,4,Monday,Weekday
2334,2016,10,4,Saturday,Weekend
2335,2016,10,4,Sunday,Weekend
2336,2016,10,4,Thursday,Weekday
2337,2016,10,4,Tuesday,Weekday
2338,2016,10,4,Wednesday,Weekday
2339,2016,11,4,Friday,Weekday
2340,2016,11,4,Monday,Weekday
2341,2016,11,4,Saturday,Weekend
2342,2016,11,4,Sunday,Weekend
2343,2016,11,4,Thursday,Weekday
2344,2016,11,4,Tuesday,Weekday
2345,2016,11,4,Wednesday,Weekday
2346,2016,12,4,Friday,Weekday
2347,2016,12,4,Monday,Weekday
2348,2016,12,4,Saturday,Weekend
2349,2016,12,4,Sunday,Weekend
2350,2016,12,4,Thursday,Weekday
2351,2016,12,4,Tuesday,Weekday
2352,2016,12,4,Wednesday,Weekday
2353,2017,1,1,Friday,Weekday
2354,2017,1,1,Monday,Weekday
2355,2017,1,1,Saturday,Weekend
2356,2017,1,1,Sunday,Weekend
2357,2017,1,1,Thursday,Weekday
2358,2017,1,1,Tuesday,Weekday
2359,2017,1,1,Wednesday,Weekday
2360,2017,2,1,Friday,Weekday
2361,2017,2,1,Monday,Weekday
2362,2017,2,1,Saturday,Weekend
2363,2017,2,1,Sunday,Weekend
2364,2017,2,1,Thursday,Weekday
2365,2017,2,1,Tuesday,Weekday
2366,2017,2,1,Wednesday,Weekday
2367,2017,3,1,Friday,Weekday
2368,2017,3,1,Monday,Weekday
2369,2017,3,1,Saturday,Weekend
2370,2017,3,1,Sunday,Weekend
2371,2017,3,1,Thursday,Weekday
2372,2017,3,1,Tuesday,Weekday
2373,2017,3,1,Wednesday,Weekday
2374,2017,4,2,Friday,Weekday
2375,2017,4,2,Monday,Weekday
2376,2017,4,2,Saturday,Weekend
2377,2017,4,2,Sunday,Weekend
2378,2017,4,2,Thursday,Weekday
2379,2017,4,2,Tuesday,Weekday
2380,2017,4,2,Wednesday,Weekday
2381,2017,5,2,Friday,Weekday
2382,2017,5,2,Monday,Weekday
2383,2017,5,2,Saturday,Weekend
2384,2017,5,2,Sunday,Weekend
2385,2017,5,2,Thursday,Weekday
2386,2017,5,2,Tuesday,Weekday
2387,2017,5,2,Wednesday,Weekday
2388,2017,6,2,Friday,Weekday
2389,2017,6,2,Monday,Weekday
2390,2017,6,2,Saturday,Weekend
2391,2017,6,2,Sunday,Weekend
2392,2017,6,2,Thursday,Weekday
2393,2017,6,2,Tuesday,Weekday
2394,2017,6,2,Wednesday,Weekday
2395,2017,7,3,Friday,Weekday
2396,2017,7,3,Monday,Weekday
2397,2017,7,3,Saturday,Weekend
2398,2017,7,3,Sunday,Weekend
2399,2017,7,3,Thursday,Weekday
2400,2017,7,3,Tuesday,Weekday
2401,2017,7,3,Wednesday,Weekday
2402,2017,8,3,Friday,Weekday
2403,2017,8,3,Monday,Weekday
2404,2017,8,3,Saturday,Weekend
2405,2017,8,3,Sunday,Weekend
2406,2017,8,3,Thursday,Weekday
2407,2017,8,3,Tuesday,Weekday
2408,2017,8,3,Wednesday,Weekday
2409,2017,9,3,Friday,Weekday
2410,2017,9,3,Monday,Weekday
2411,2017,9,3,Saturday,Weekend
2412,2017,9,3,Sunday,Weekend
2413,2017,9,3,Thursday,Weekday
2414,2017,9,3,Tuesday,Weekday
2415,2017,9,3,Wednesday,Weekday
2416,2017,10,4,Friday,Weekday
2417,2017,10,4,Monday,Weekday
2418,2017,10,4,Saturday,Weekend
2419,2017,10,4,Sunday,Weekend
2420,2017,10,4,Thursday,Weekday
2421,2017,10,4,Tuesday,Weekday
2422,2017,10,4,Wednesday,Weekday
2423,2017,11,4,Friday,Weekday
2424,2017,11,4,Monday,Weekday
2425,2017,11,4,Saturday,Weekend
2426,2017,11,4,Sunday,Weekend
2427,2017,11,4,Thursday,Weekday
2428,2017,11,4,Tuesday,Weekday
2429,2017,11,4,Wednesday,Weekday
2430,2017,12,4,Friday,Weekday
2431,2017,12,4,Monday,Weekday
2432,2017,12,4,Saturday,Weekend
2433,2017,12,4,Sunday,Weekend
2434,2017,12,4,Thursday,Weekday
2435,2017,12,4,Tuesday,Weekday
2436,2017,12,4,Wednesday,Weekday
2437,2018,1,1,Friday,Weekday
2438,2018,1,1,Monday,Weekday
2439,2018,1,1,Saturday,Weekend
2440,2018,1,1,Sunday,Weekend
2441,2018,1,1,Thursday,Weekday
2442,2018,1,1,Tuesday,Weekday
2443,2018,1,1,Wednesday,Weekday
2444,2018,2,1,Friday,Weekday
2445,2018,2,1,Monday,Weekday
2446,2018,2,1,Saturday,Weekend
2447,2018,2,1,Sunday,Weekend
2448,2018,2,1,Thursday,Weekday
2449,2018,2,1,Tuesday,Weekday
2450,2018,2,1,Wednesday,Weekday
2451,2018,3,1,Friday,Weekday
2452,2018,3,1,Monday,Weekday
2453,2018,3,1,Saturday,Weekend
2454,2018,3,1,Sunday,Weekend
2455,2018,3,1,Thursday,Weekday
2456,2018,3,1,Tuesday,Weekday
2457,2018,3,1,Wednesday,Weekday
2458,2018,4,2,Friday,Weekday
2459,2018,4,2,Monday,Weekday
2460,2018,4,2,Saturday,Weekend
2461,2018,4,2,Sunday,Weekend
2462,2018,4,2,Thursday,Weekday
2463,2018,4,2,Tuesday,Weekday
2464,2018,4,2,Wednesday,Weekday
2465,2018,5,2,Friday,Weekday
2466,2018,5,2,Monday,Weekday
2467,2018,5,2,Saturday,Weekend
2468,2018,5,2,Sunday,Weekend
2469,2018,5,2,Thursday,Weekday
2470,2018,5,2,Tuesday,Weekday
2471,2018,5,2,Wednesday,Weekday
2472,2018,6,2,Friday,Weekday
2473,2018,6,2,Monday,Weekday
2474,2018,6,2,Saturday,Weekend
2475,2018,6,2,Sunday,Weekend
2476,2018,6,2,Thursday,Weekday
2477,2018,6,2,Tuesday,Weekday
2478,2018,6,2,Wednesday,Weekday
2479,2018,7,3,Friday,Weekday
2480,2018,7,3,Monday,Weekday
2481,2018,7,3,Saturday,Weekend
2482,2018,7,3,Sunday,Weekend
2483,2018,7,3,Thursday,Weekday
2484,2018,7,3,Tuesday,Weekday
2485,2018,7,3,Wednesday,Weekday
2486,2018,8,3,Friday,Weekday
2487,2018,8,3,Monday,Weekday
2488,2018,8,3,Saturday,Weekend
2489,2018,8,3,Sunday,Weekend
2490,2018,8,3,Thursday,Weekday
2491,2018,8,3,Tuesday,Weekday
2492,2018,8,3,Wednesday,Weekday
2493,2018,9,3,Friday,Weekday
2494,2018,9,3,Monday,Weekday
2495,2018,9,3,Saturday,Weekend
2496,2018,9,3,Sunday,Weekend
2497,2018,9,3,Thursday,Weekday
2498,2018,9,3,Tuesday,Weekday
2499,2018,9,3,Wednesday,Weekday
2500,2018,10,4,Friday,Weekday
2501,2018,10,4,Monday,Weekday
2502,2018,10,4,Saturday,Weekend
2503,2018,10,4,Sunday,Weekend
2504,2018,10,4,Thursday,Weekday
2505,2018,10,4,Tuesday,Weekday
2506,2018,10,4,Wednesday,Weekday
2507,2018,11,4,Friday,Weekday
2508,2018,11,4,Monday,Weekday
2509,2018,11,4,Saturday,Weekend
2510,2018,11,4,Sunday,Weekend
2511,2018,11,4,Thursday,Weekday
2512,2018,11,4,Tuesday,Weekday
2513,2018,11,4,Wednesday,Weekday
2514,2018,12,4,Friday,Weekday
2515,2018,12,4,Monday,Weekday
2516,2018,12,4,Saturday,Weekend
2517,2018,12,4,Sunday,Weekend
2518,2018,12,4,Thursday,Weekday
2519,2018,12,4,Tuesday,Weekday
2520,2018,12,4,Wednesday,Weekday
2521,2019,1,1,Friday,Weekday
2522,2019,1,1,Monday,Weekday
2523,2019,1,1,Saturday,Weekend
2524,2019,1,1,Sunday,Weekend
2525,2019,1,1,Thursday,Weekday
2526,2019,1,1,Tuesday,Weekday
2527,2019,1,1,Wednesday,Weekday
2528,2019,2,1,Friday,Weekday
2529,2019,2,1,Monday,Weekday
2530,2019,2,1,Saturday,Weekend
2531,2019,2,1,Sunday,Weekend
2532,2019,2,1,Thursday,Weekday
2533,2019,2,1,Tuesday,Weekday
2534,2019,2,1,Wednesday,Weekday
2535,2019,3,1,Friday,Weekday
2536,2019,3,1,Monday,Weekday
2537,2019,3,1,Saturday,Weekend
2538,2019,3,1,Sunday,Weekend
2539,2019,3,1,Thursday,Weekday
2540,2019,3,1,Tuesday,Weekday
2541,2019,3,1,Wednesday,Weekday
2542,2019,4,2,Friday,Weekday
2543,2019,4,2,Monday,Weekday
2544,2019,4,2,Saturday,Weekend
2545,2019,4,2,Sunday,Weekend
2546,2019,4,2,Thursday,Weekday
2547,2019,4,2,Tuesday,Weekday
2548,2019,4,2,Wednesday,Weekday
2549,2019,5,2,Friday,Weekday
2550,2019,5,2,Monday,Weekday
2551,2019,5,2,Saturday,Weekend
2552,2019,5,2,Sunday,Weekend
2553,2019,5,2,Thursday,Weekday
2554,2019,5,2,Tuesday,Weekday
2555,2019,5,2,Wednesday,Weekday
2556,2019,6,2,Friday,Weekday
2557,2019,6,2,Monday,Weekday
2558,2019,6,2,Saturday,Weekend
2559,2019,6,2,Sunday,Weekend
2560,2019,6,2,Thursday,Weekday
2561,2019,6,2,Tuesday,Weekday
2562,2019,6,2,Wednesday,Weekday
2563,2019,7,3,Friday,Weekday
2564,2019,7,3,Monday,Weekday
2565,2019,7,3,Saturday,Weekend
2566,2019,7,3,Sunday,Weekend
2567,2019,7,3,Thursday,Weekday
2568,2019,7,3,Tuesday,Weekday
2569,2019,7,3,Wednesday,Weekday
2570,2019,8,3,Friday,Weekday
2571,2019,8,3,Monday,Weekday
2572,2019,8,3,Saturday,Weekend
2573,2019,8,3,Sunday,Weekend
2574,2019,8,3,Thursday,Weekday
2575,2019,8,3,Tuesday,Weekday
2576,2019,8,3,Wednesday,Weekday
2577,2019,9,3,Friday,Weekday
2578,2019,9,3,Monday,Weekday
2579,2019,9,3,Saturday,Weekend
2580,2019,9,3,Sunday,Weekend
2581,2019,9,3,Thursday,Weekday
2582,2019,9,3,Tuesday,Weekday
2583,2019,9,3,Wednesday,Weekday
2584,2019,10,4,Friday,Weekday
2585,2019,10,4,Monday,Weekday
2586,2019,10,4,Saturday,Weekend
2587,2019,10,4,Sunday,Weekend
2588,2019,10,4,Thursday,Weekday
2589,2019,10,4,Tuesday,Weekday
2590,2019,10,4,Wednesday,Weekday
2591,2019,11,4,Friday,Weekday
2592,2019,11,4,Monday,Weekday
2593,2019,11,4,Saturday,Weekend
2594,2019,11,4,Sunday,Weekend
2595,2019,11,4,Thursday,Weekday
2596,2019,11,4,Tuesday,Weekday
2597,2019,11,4,Wednesday,Weekday
2598,2019,12,4,Friday,Weekday
2599,2019,12,4,Monday,Weekday
2600,2019,12,4,Saturday,Weekend
2601,2019,12,4,Sunday,Weekend
2602,2019,12,4,Thursday,Weekday
2603,2019,12,4,Tuesday,Weekday
2604,2019,12,4,Wednesday,Weekday
2605,2020,1,1,Friday,Weekday
2606,2020,1,1,Monday,Weekday
2607,2020,1,1,Saturday,Weekend
2608,2020,1,1,Sunday,Weekend
2609,2020,1,1,Thursday,Weekday
2610,2020,1,1,Tuesday,Weekday
2611,2020,1,1,Wednesday,Weekday
2612,2020,2,1,Friday,Weekday
2613,2020,2,1,Monday,Weekday
2614,2020,2,1,Saturday,Weekend
2615,2020,2,1,Sunday,Weekend
2616,2020,2,1,Thursday,Weekday
2617,2020,2,1,Tuesday,Weekday
2618,2020,2,1,Wednesday,Weekday
2619,2020,3,1,Friday,Weekday
2620,2020,3,1,Monday,Weekday
2621,2020,3,1,Saturday,Weekend
2622,2020,3,1,Sunday,Weekend
2623,2020,3,1,Thursday,Weekday
2624,2020,3,1,Tuesday,Weekday
2625,2020,3,1,Wednesday,Weekday
2626,2020,4,2,Friday,Weekday
2627,2020,4,2,Monday,Weekday
2628,2020,4,2,Saturday,Weekend
2629,2020,4,2,Sunday,Weekend
2630,2020,4,2,Thursday,Weekday
2631,2020,4,2,Tuesday,Weekday
2632,2020,4,2,Wednesday,Weekday
2633,2020,5,2,Friday,Weekday
2634,2020,5,2,Monday,Weekday
2635,2020,5,2,Saturday,Weekend
2636,2020,5,2,Sunday,Weekend
2637,2020,5,2,Thursday,Weekday
2638,2020,5,2,Tuesday,Weekday
2639,2020,5,2,Wednesday,Weekday
2640,2020,6,2,Friday,Weekday
2641,2020,6,2,Monday,Weekday
2642,2020,6,2,Saturday,Weekend
2643,2020,6,2,Sunday,Weekend
2644,2020,6,2,Thursday,Weekday
2645,2020,6,2,Tuesday,Weekday
2646,2020,6,2,Wednesday,Weekday
2647,2020,7,3,Friday,Weekday
2648,2020,7,3,Monday,Weekday
2649,2020,7,3,Saturday,Weekend
2650,2020,7,3,Sunday,Weekend
2651,2020,7,3,Thursday,Weekday
2652,2020,7,3,Tuesday,Weekday
2653,2020,7,3,Wednesday,Weekday
2654,2020,8,3,Friday,Weekday
2655,2020,8,3,Monday,Weekday
2656,2020,8,3,Saturday,Weekend
2657,2020,8,3,Sunday,Weekend
2658,2020,8,3,Thursday,Weekday
2659,2020,8,3,Tuesday,Weekday
2660,2020,8,3,Wednesday,Weekday
2661,2020,9,3,Friday,Weekday
2662,2020,9,3,Monday,Weekday
2663,2020,9,3,Saturday,Weekend
2664,2020,9,3,Sunday,Weekend
2665,2020,9,3,Thursday,Weekday
2666,2020,9,3,Tuesday,Weekday
2667,2020,9,3,Wednesday,Weekday
2668,2020,10,4,Friday,Weekday
2669,2020,10,4,Monday,Weekday
2670,2020,10,4,Saturday,Weekend
2671,2020,10,4,Sunday,Weekend
2672,2020,10,4,Thursday,Weekday
2673,2020,10,4,Tuesday,Weekday
2674,2020,10,4,Wednesday,Weekday
2675,2020,11,4,Friday,Weekday
2676,2020,11,4,Monday,Weekday
2677,2020,11,4,Saturday,Weekend
2678,2020,11,4,Sunday,Weekend
2679,2020,11,4,Thursday,Weekday
2680,2020,11,4,Tuesday,Weekday
2681,2020,11,4,Wednesday,Weekday
2682,2020,12,4,Friday,Weekday
2683,2020,12,4,Monday,Weekday
2684,2020,12,4,Saturday,Weekend
2685,2020,12,4,Sunday,Weekend
2686,2020,12,4,Thursday,Weekday
2687,2020,12,4,Tuesday,Weekday
2688,2020,12,4,Wednesday,Weekday
2689,2021,1,1,Friday,Weekday
2690,2021,1,1,Monday,Weekday
2691,2021,1,1,Saturday,Weekend
2692,2021,1,1,Sunday,Weekend
2693,2021,1,1,Thursday,Weekday
2694,2021,1,1,Tuesday,Weekday
2695,2021,1,1,Wednesday,Weekday
2696,2021,2,1,Friday,Weekday
2697,2021,2,1,Monday,Weekday
2698,2021,2,1,Saturday,Weekend
2699,2021,2,1,Sunday,Weekend
2700,2021,2,1,Thursday,Weekday
2701,2021,2,1,Tuesday,Weekday
2702,2021,2,1,Wednesday,Weekday
2703,2021,3,1,Friday,Weekday
2704,2021,3,1,Monday,Weekday
2705,2021,3,1,Saturday,Weekend
2706,2021,3,1,Sunday,Weekend
2707,2021,3,1,Thursday,Weekday
2708,2021,3,1,Tuesday,Weekday
2709,2021,3,1,Wednesday,Weekday
2710,2021,4,2,Friday,Weekday
2711,2021,4,2,Monday,Weekday
2712,2021,4,2,Saturday,Weekend
2713,2021,4,2,Sunday,Weekend
2714,2021,4,2,Thursday,Weekday
2715,2021,4,2,Tuesday,Weekday
2716,2021,4,2,Wednesday,Weekday
2717,2021,5,2,Friday,Weekday
2718,2021,5,2,Monday,Weekday
2719,2021,5,2,Saturday,Weekend
2720,2021,5,2,Sunday,Weekend
2721,2021,5,2,Thursday,Weekday
2722,2021,5,2,Tuesday,Weekday
2723,2021,5,2,Wednesday,Weekday
2724,2021,6,2,Friday,Weekday
2725,2021,6,2,Monday,Weekday
2726,2021,6,2,Saturday,Weekend
2727,2021,6,2,Sunday,Weekend
2728,2021,6,2,Thursday,Weekday
2729,2021,6,2,Tuesday,Weekday
2730,2021,6,2,Wednesday,Weekday
2731,2021,7,3,Friday,Weekday
2732,2021,7,3,Monday,Weekday
2733,2021,7,3,Saturday,Weekend
2734,2021,7,3,Sunday,Weekend
2735,2021,7,3,Thursday,Weekday
2736,2021,7,3,Tuesday,Weekday
2737,2021,7,3,Wednesday,Weekday
2738,2021,8,3,Friday,Weekday
2739,2021,8,3,Monday,Weekday
2740,2021,8,3,Saturday,Weekend
2741,2021,8,3,Sunday,Weekend
2742,2021,8,3,Thursday,Weekday
2743,2021,8,3,Tuesday,Weekday
2744,2021,8,3,Wednesday,Weekday
2745,2021,9,3,Friday,Weekday
2746,2021,9,3,Monday,Weekday
2747,2021,9,3,Saturday,Weekend
2748,2021,9,3,Sunday,Weekend
2749,2021,9,3,Thursday,Weekday
2750,2021,9,3,Tuesday,Weekday
2751,2021,9,3,Wednesday,Weekday
2752,2021,10,4,Friday,Weekday
2753,2021,10,4,Monday,Weekday
2754,2021,10,4,Saturday,Weekend
2755,2021,10,4,Sunday,Weekend
2756,2021,10,4,Thursday,Weekday
2757,2021,10,4,Tuesday,Weekday
2758,2021,10,4,Wednesday,Weekday
2759,2021,11,4,Friday,Weekday
2760,2021,11,4,Monday,Weekday
2761,2021,11,4,Saturday,Weekend
2762,2021,11,4,Sunday,Weekend
2763,2021,11,4,Thursday,Weekday
2764,2021,11,4,Tuesday,Weekday
2765,2021,11,4,Wednesday,Weekday
2766,2021,12,4,Friday,Weekday
2767,2021,12,4,Monday,Weekday
2768,2021,12,4,Saturday,Weekend
2769,2021,12,4,Sunday,Weekend
2770,2021,12,4,Thursday,Weekday
2771,2021,12,4,Tuesday,Weekday
2772,2021,12,4,Wednesday,Weekday
2773,2022,1,1,Friday,Weekday
2774,2022,1,1,Monday,Weekday
2775,2022,1,1,Saturday,Weekend
2776,2022,1,1,Sunday,Weekend
2777,2022,1,1,Thursday,Weekday
2778,2022,1,1,Tuesday,Weekday
2779,2022,1,1,Wednesday,Weekday
2780,2022,2,1,Friday,Weekday
2781,2022,2,1,Monday,Weekday
2782,2022,2,1,Saturday,Weekend
2783,2022,2,1,Sunday,Weekend
2784,2022,2,1,Thursday,Weekday
2785,2022,2,1,Tuesday,Weekday
2786,2022,2,1,Wednesday,Weekday
2787,2022,3,1,Friday,Weekday
2788,2022,3,1,Monday,Weekday
2789,2022,3,1,Saturday,Weekend
2790,2022,3,1,Sunday,Weekend
2791,2022,3,1,Thursday,Weekday
2792,2022,3,1,Tuesday,Weekday
2793,2022,3,1,Wednesday,Weekday
2794,2022,4,2,Friday,Weekday
2795,2022,4,2,Monday,Weekday
2796,2022,4,2,Saturday,Weekend
2797,2022,4,2,Sunday,Weekend
2798,2022,4,2,Thursday,Weekday
2799,2022,4,2,Tuesday,Weekday
2800,2022,4,2,Wednesday,Weekday
2801,2022,5,2,Friday,Weekday
2802,2022,5,2,Monday,Weekday
2803,2022,5,2,Saturday,Weekend
2804,2022,5,2,Sunday,Weekend
2805,2022,5,2,Thursday,Weekday
2806,2022,5,2,Tuesday,Weekday
2807,2022,5,2,Wednesday,Weekday
2808,2022,6,2,Friday,Weekday
2809,2022,6,2,Monday,Weekday
2810,2022,6,2,Saturday,Weekend
2811,2022,6,2,Sunday,Weekend
2812,2022,6,2,Thursday,Weekday
2813,2022,6,2,Tuesday,Weekday
2814,2022,6,2,Wednesday,Weekday
2815,2022,7,3,Friday,Weekday
2816,2022,7,3,Monday,Weekday
2817,2022,7,3,Saturday,Weekend
2818,2022,7,3,Sunday,Weekend
2819,2022,7,3,Thursday,Weekday
2820,2022,7,3,Tuesday,Weekday
2821,2022,7,3,Wednesday,Weekday
2822,2022,8,3,Friday,Weekday
2823,2022,8,3,Monday,Weekday
2824,2022,8,3,Saturday,Weekend
2825,2022,8,3,Sunday,Weekend
2826,2022,8,3,Thursday,Weekday
2827,2022,8,3,Tuesday,Weekday
2828,2022,8,3,Wednesday,Weekday
2829,2022,9,3,Friday,Weekday
2830,2022,9,3,Monday,Weekday
2831,2022,9,3,Saturday,Weekend
2832,2022,9,3,Sunday,Weekend
2833,2022,9,3,Thursday,Weekday
2834,2022,9,3,Tuesday,Weekday
2835,2022,9,3,Wednesday,Weekday
2836,2022,10,4,Friday,Weekday
2837,2022,10,4,Monday,Weekday
2838,2022,10,4,Saturday,Weekend
2839,2022,10,4,Sunday,Weekend
2840,2022,10,4,Thursday,Weekday
2841,2022,10,4,Tuesday,Weekday
2842,2022,10,4,Wednesday,Weekday
2843,2022,11,4,Friday,Weekday
2844,2022,11,4,Monday,Weekday
2845,2022,11,4,Saturday,Weekend
2846,2022,11,4,Sunday,Weekend
2847,2022,11,4,Thursday,Weekday
2848,2022,11,4,Tuesday,Weekday
2849,2022,11,4,Wednesday,Weekday
2850,2022,12,4,Friday,Weekday
2851,2022,12,4,Monday,Weekday
2852,2022,12,4,Saturday,Weekend
2853,2022,12,4,Sunday,Weekend
2854,2022,12,4,Thursday,Weekday
2855,2022,12,4,Tuesday,Weekday
2856,2022,12,4,Wednesday,Weekday
2857,2023,1,1,Friday,Weekday
2858,2023,1,1,Monday,Weekday
2859,2023,1,1,Saturday,Weekend
2860,2023,1,1,Sunday,Weekend
2861,2023,1,1,Thursday,Weekday
2862,2023,1,1,Tuesday,Weekday
2863,2023,1,1,Wednesday,Weekday
2864,2023,2,1,Friday,Weekday
2865,2023,2,1,Monday,Weekday
2866,2023,2,1,Saturday,Weekend
2867,2023,2,1,Sunday,Weekend
2868,2023,2,1,Thursday,Weekday
2869,2023,2,1,Tuesday,Weekday
2870,2023,2,1,Wednesday,Weekday
2871,2023,3,1,Friday,Weekday
2872,2023,3,1,Monday,Weekday
2873,2023,3,1,Saturday,Weekend
2874,2023,3,1,Sunday,Weekend
2875,2023,3,1,Thursday,Weekday
2876,2023,3,1,Tuesday,Weekday
2877,2023,3,1,Wednesday,Weekday
2878,2023,4,2,Friday,Weekday
2879,2023,4,2,Monday,Weekday
2880,2023,4,2,Saturday,Weekend
2881,2023,4,2,Sunday,Weekend
2882,2023,4,2,Thursday,Weekday
2883,2023,4,2,Tuesday,Weekday
2884,2023,4,2,Wednesday,Weekday
2885,2023,5,2,Friday,Weekday
2886,2023,5,2,Monday,Weekday
2887,2023,5,2,Saturday,Weekend
2888,2023,5,2,Sunday,Weekend
2889,2023,5,2,Thursday,Weekday
2890,2023,5,2,Tuesday,Weekday
2891,2023,5,2,Wednesday,Weekday
2892,2023,6,2,Friday,Weekday
2893,2023,6,2,Monday,Weekday
2894,2023,6,2,Saturday,Weekend
2895,2023,6,2,Sunday,Weekend
2896,2023,6,2,Thursday,Weekday
2897,2023,6,2,Tuesday,Weekday
2898,2023,6,2,Wednesday,Weekday
2899,2023,7,3,Friday,Weekday
2900,2023,7,3,Monday,Weekday
2901,2023,7,3,Saturday,Weekend
2902,2023,7,3,Sunday,Weekend
2903,2023,7,3,Thursday,Weekday
2904,2023,7,3,Tuesday,Weekday
2905,2023,7,3,Wednesday,Weekday
2906,2023,8,3,Friday,Weekday
2907,2023,8,3,Monday,Weekday
2908,2023,8,3,Saturday,Weekend
2909,2023,8,3,Sunday,Weekend
2910,2023,8,3,Thursday,Weekday
2911,2023,8,3,Tuesday,Weekday
2912,2023,8,3,Wednesday,Weekday
2913,2023,9,3,Friday,Weekday
2914,2023,9,3,Monday,Weekday
2915,2023,9,3,Saturday,Weekend
2916,2023,9,3,Sunday,Weekend
2917,2023,9,3,Thursday,Weekday
2918,2023,9,3,Tuesday,Weekday
2919,2023,9,3,Wednesday,Weekday
2920,2023,10,4,Friday,Weekday
2921,2023,10,4,Monday,Weekday
2922,2023,10,4,Saturday,Weekend
2923,2023,10,4,Sunday,Weekend
2924,2023,10,4,Thursday,Weekday
2925,2023,10,4,Tuesday,Weekday
2926,2023,10,4,Wednesday,Weekday
2927,2023,11,4,Friday,Weekday
2928,2023,11,4,Monday,Weekday
2929,2023,11,4,Saturday,Weekend
2930,2023,11,4,Sunday,Weekend
2931,2023,11,4,Thursday,Weekday
2932,2023,11,4,Tuesday,Weekday
2933,2023,11,4,Wednesday,Weekday
2934,2023,12,4,Friday,Weekday
2935,2023,12,4,Monday,Weekday
2936,2023,12,4,Saturday,Weekend
2937,2023,12,4,Sunday,Weekend
2938,2023,12,4,Thursday,Weekday
2939,2023,12,4,Tuesday,Weekday
2940,2023,12,4,Wednesday,Weekday
2941,2024,1,1,Friday,Weekday
2942,2024,1,1,Monday,Weekday
2943,2024,1,1,Saturday,Weekend
2944,2024,1,1,Sunday,Weekend
2945,2024,1,1,Thursday,Weekday
2946,2024,1,1,Tuesday,Weekday
2947,2024,1,1,Wednesday,Weekday
2948,2024,2,1,Friday,Weekday
2949,2024,2,1,Monday,Weekday
2950,2024,2,1,Saturday,Weekend
2951,2024,2,1,Sunday,Weekend
2952,2024,2,1,Thursday,Weekday
2953,2024,2,1,Tuesday,Weekday
2954,2024,2,1,Wednesday,Weekday
2955,2024,3,1,Friday,Weekday
2956,2024,3,1,Monday,Weekday
2957,2024,3,1,Saturday,Weekend
2958,2024,3,1,Sunday,Weekend
2959,2024,3,1,Thursday,Weekday
2960,2024,3,1,Tuesday,Weekday
2961,2024,3,1,Wednesday,Weekday
2962,2024,4,2,Friday,Weekday
2963,2024,4,2,Monday,Weekday
2964,2024,4,2,Saturday,Weekend
2965,2024,4,2,Sunday,Weekend
2966,2024,4,2,Thursday,Weekday
2967,2024,4,2,Tuesday,Weekday
2968,2024,4,2,Wednesday,Weekday
2969,2024,5,2,Friday,Weekday
2970,2024,5,2,Monday,Weekday
2971,2024,5,2,Saturday,Weekend
2972,2024,5,2,Sunday,Weekend
2973,2024,5,2,Thursday,Weekday
2974,2024,5,2,Tuesday,Weekday
2975,2024,5,2,Wednesday,Weekday
2976,2024,6,2,Friday,Weekday
2977,2024,6,2,Monday,Weekday
2978,2024,6,2,Saturday,Weekend
2979,2024,6,2,Sunday,Weekend
2980,2024,6,2,Thursday,Weekday
2981,2024,6,2,Tuesday,Weekday
2982,2024,6,2,Wednesday,Weekday
2983,2024,7,3,Friday,Weekday
2984,2024,7,3,Monday,Weekday
2985,2024,7,3,Saturday,Weekend
2986,2024,7,3,Sunday,Weekend
2987,2024,7,3,Thursday,Weekday
2988,2024,7,3,Tuesday,Weekday
2989,2024,7,3,Wednesday,Weekday
2990,2024,8,3,Friday,Weekday
2991,2024,8,3,Monday,Weekday
2992,2024,8,3,Saturday,Weekend
2993,2024,8,3,Sunday,Weekend
2994,2024,8,3,Thursday,Weekday
2995,2024,8,3,Tuesday,Weekday
2996,2024,8,3,Wednesday,Weekday
2997,2024,9,3,Friday,Weekday
2998,2024,9,3,Monday,Weekday
2999,2024,9,3,Saturday,Weekend
3000,2024,9,3,Sunday,Weekend
3001,2024,9,3,Thursday,Weekday
3002,2024,9,3,Tuesday,Weekday
3003,2024,9,3,Wednesday,Weekday
3004,2024,10,4,Friday,Weekday
3005,2024,10,4,Monday,Weekday
3006,2024,10,4,Saturday,Weekend
3007,2024,10,4,Sunday,Weekend
3008,2024,10,4,Thursday,Weekday
3009,2024,10,4,Tuesday,Weekday
3010,2024,10,4,Wednesday,Weekday
3011,2024,11,4,Friday,Weekday
3012,2024,11,4,Monday,Weekday
3013,2024,11,4,Saturday,Weekend
3014,2024,11,4,Sunday,Weekend
3015,2024,11,4,Thursday,Weekday
3016,2024,11,4,Tuesday,Weekday
3017,2024,11,4,Wednesday,Weekday
3018,2024,12,4,Friday,Weekday
3019,2024,12,4,Monday,Weekday
3020,2024,12,4,Saturday,Weekend
3021,2024,12,4,Sunday,Weekend
3022,2024,12,4,Thursday,Weekday
3023,2024,12,4,Tuesday,Weekday
3024,2024,12,4,Wednesday,Weekday
