location_id,state,lga_name,sa4_name,remoteness_area,population_2023_lga,population_2023_remoteness,dwelling_records
1,NSW,Wagga Wagga,Riverina,Inner Regional Australia,68716.0,4683975.0,28244.0
2,NSW,Hawkesbury,Sydney - Baulkham Hills and Hawkesbury,Inner Regional Australia,68156.0,4683975.0,25523.0
3,Tas,Northern Midlands,Launceston and North East,Inner Regional Australia,14279.0,4683975.0,6444.0
4,NSW,Armidale Regional,New England and North West,Outer Regional Australia,,2119123.0,12955.0
5,Qld,Lockyer Valley,Toowoomba,Inner Regional Australia,43847.0,4683975.0,16162.0
6,SA,Wakefield,Barossa - Yorke - Mid North,Outer Regional Australia,6958.0,2119123.0,3348.0
7,WA,Unknown,Unknown,Unknown,,,
8,Qld,Southern Downs,Darling Downs - Maranoa,Inner Regional Australia,37444.0,4683975.0,17447.0
9,Tas,Brighton,Hobart,Inner Regional Australia,19998.0,4683975.0,7530.0
10,Tas,West Tamar,Launceston and North East,Outer Regional Australia,26039.0,2119123.0,11308.0
11,SA,Mid Murray,South Australia - South East,Outer Regional Australia,9496.0,2119123.0,7413.0
12,NSW,Blue Mountains,Sydney - Outer West and Blue Mountains,Major Cities of Australia,78446.0,19343743.0,35239.0
13,NSW,Upper Lachlan,Capital Region,Inner Regional Australia,8706.0,4683975.0,
14,SA,Wattle Range,South Australia - South East,Outer Regional Australia,12257.0,2119123.0,6114.0
15,Qld,Cairns,Cairns,Outer Regional Australia,175398.0,2119123.0,72620.0
16,NSW,Wollongong,Illawarra,Major Cities of Australia,219141.0,19343743.0,89476.0
17,NSW,Penrith,Sydney - Outer West and Blue Mountains,Major Cities of Australia,224483.0,19343743.0,81250.0
18,NSW,Upper Hunter,Hunter Valley exc Newcastle,Outer Regional Australia,14338.0,2119123.0,
19,Qld,South Burnett,Wide Bay,Outer Regional Australia,34290.0,2119123.0,16096.0
20,NSW,Mid-Western Regional,Central West,Outer Regional Australia,,2119123.0,12262.0
21,NSW,Canterbury-Bankstown,Sydney - Inner South West,Major Cities of Australia,379829.0,19343743.0,133438.0
22,Vic,Mitchell,Hume,Inner Regional Australia,53723.0,4683975.0,19590.0
23,NSW,Greater Hume,Murray,Outer Regional Australia,11445.0,2119123.0,
24,Qld,Southern Downs,Darling Downs - Maranoa,Outer Regional Australia,37444.0,2119123.0,17447.0
25,SA,Barossa,Barossa - Yorke - Mid North,Inner Regional Australia,26268.0,4683975.0,11044.0
26,NSW,Port Macquarie-Hastings,Mid North Coast,Inner Regional Australia,89596.0,4683975.0,40066.0
27,Qld,Douglas,Cairns,Outer Regional Australia,12828.0,2119123.0,6981.0
28,Qld,Mackay,Mackay - Isaac - Whitsunday,Outer Regional Australia,126907.0,2119123.0,52308.0
29,SA,Yankalilla,South Australia - South East,Inner Regional Australia,6100.0,4683975.0,4403.0
30,Qld,Logan,Logan - Beaudesert,Major Cities of Australia,377773.0,19343743.0,125977.0
31,Tas,Dorset,Launceston and North East,Outer Regional Australia,7001.0,2119123.0,3948.0
32,NSW,Armidale Regional,New England and North West,Inner Regional Australia,,4683975.0,12955.0
33,NSW,Nambucca Valley,Mid North Coast,Inner Regional Australia,20774.0,4683975.0,10016.0
34,NSW,Narromine,Far West and Orana,Outer Regional Australia,6443.0,2119123.0,2851.0
35,Qld,Fraser Coast,Wide Bay,Inner Regional Australia,117940.0,4683975.0,52621.0
36,SA,Unincorporated SA,South Australia - Outback,Very Remote Australia,3015.0,198024.0,2910.0
37,NSW,Shellharbour,Illawarra,Major Cities of Australia,79738.0,19343743.0,29884.0
38,NSW,Narrabri,New England and North West,Outer Regional Australia,12754.0,2119123.0,5997.0
39,Qld,Logan,Logan - Beaudesert,Inner Regional Australia,377773.0,4683975.0,125977.0
40,Qld,Cook,Queensland - Outback,Remote Australia,4761.0,304013.0,3163.0
41,NSW,Tenterfield,New England and North West,Outer Regional Australia,6973.0,2119123.0,3968.0
42,Vic,Greater Bendigo,Bendigo,Inner Regional Australia,124174.0,4683975.0,53173.0
43,NSW,Central Coast,Central Coast,Major Cities of Australia,,19343743.0,
44,NSW,Tamworth Regional,New England and North West,Outer Regional Australia,,2119123.0,27725.0
45,Vic,Whittlesea,Melbourne - North East,Major Cities of Australia,245029.0,19343743.0,82993.0
46,NSW,Hilltops,Capital Region,Inner Regional Australia,19255.0,4683975.0,9220.0
47,NSW,Forbes,Central West,Outer Regional Australia,9300.0,2119123.0,4373.0
48,Qld,Toowoomba,Toowoomba,Inner Regional Australia,181821.0,4683975.0,74054.0
49,NSW,Lake Macquarie,Newcastle and Lake Macquarie,Major Cities of Australia,219249.0,19343743.0,88908.0
50,Qld,Livingstone,Central Queensland,Remote Australia,41906.0,304013.0,17841.0
51,Tas,Northern Midlands,Launceston and North East,Outer Regional Australia,14279.0,2119123.0,6444.0
52,NSW,Blacktown,Sydney - Blacktown,Major Cities of Australia,426202.0,19343743.0,133984.0
53,NSW,Dubbo Regional,Far West and Orana,Inner Regional Australia,,4683975.0,22823.0
54,NSW,Balranald,Murray,Outer Regional Australia,2202.0,2119123.0,1091.0
55,Qld,Lockhart River,Queensland - Outback,Very Remote Australia,673.0,198024.0,228.0
56,Vic,Golden Plains,Ballarat,Inner Regional Australia,25818.0,4683975.0,9408.0
57,SA,Light,Barossa - Yorke - Mid North,Inner Regional Australia,16616.0,4683975.0,6046.0
58,Qld,Ipswich,Ipswich,Major Cities of Australia,251148.0,19343743.0,87352.0
59,Qld,Cassowary Coast,Cairns,Outer Regional Australia,29972.0,2119123.0,15123.0
60,SA,Tumby Bay,South Australia - Outback,Remote Australia,2906.0,304013.0,1681.0
61,NSW,Liverpool,Sydney - South West,Major Cities of Australia,247672.0,19343743.0,77895.0
62,NSW,Cumberland,Sydney - Parramatta,Major Cities of Australia,245323.0,19343743.0,83189.0
63,NSW,Muswellbrook,Hunter Valley exc Newcastle,Inner Regional Australia,16778.0,4683975.0,7333.0
64,Qld,Moreton Bay,Moreton Bay - North,Inner Regional Australia,510104.0,4683975.0,188327.0
65,NSW,Ballina,Richmond - Tweed,Inner Regional Australia,47279.0,4683975.0,20889.0
66,Vic,Unknown,Unknown,Unknown,,,
67,NSW,Kyogle,Richmond - Tweed,Inner Regional Australia,9468.0,4683975.0,4688.0
68,Qld,Bundaberg,Wide Bay,Inner Regional Australia,104166.0,4683975.0,46081.0
69,Vic,Melbourne,Melbourne - Inner,Major Cities of Australia,177396.0,19343743.0,103368.0
70,Qld,Brisbane,Brisbane - South,Major Cities of Australia,1323162.0,19343743.0,519431.0
71,NSW,Snowy Valleys,Riverina,Outer Regional Australia,14935.0,2119123.0,7075.0
72,Qld,Whitsunday,Mackay - Isaac - Whitsunday,Outer Regional Australia,39712.0,2119123.0,18043.0
73,NSW,Fairfield,Sydney - South West,Major Cities of Australia,209742.0,19343743.0,67658.0
74,NSW,Yass Valley,Capital Region,Inner Regional Australia,17477.0,4683975.0,6823.0
75,Qld,Central Highlands (Qld),Central Queensland,Remote Australia,28973.0,304013.0,14180.0
76,NSW,The Hills,Sydney - Baulkham Hills and Hawkesbury,Major Cities of Australia,207959.0,19343743.0,
77,SA,Salisbury,Adelaide - North,Major Cities of Australia,149214.0,19343743.0,57117.0
78,NSW,Port Stephens,Hunter Valley exc Newcastle,Inner Regional Australia,77748.0,4683975.0,35699.0
79,Vic,Macedon Ranges,Melbourne - North West,Inner Regional Australia,52920.0,4683975.0,20630.0
80,Vic,Moyne,Warrnambool and South West,Inner Regional Australia,17610.0,4683975.0,8550.0
81,Vic,Cardinia,Melbourne - South East,Major Cities of Australia,126960.0,19343743.0,43533.0
82,Vic,East Gippsland,Latrobe - Gippsland,Outer Regional Australia,49179.0,2119123.0,26078.0
83,NSW,Hornsby,Sydney - Baulkham Hills and Hawkesbury,Major Cities of Australia,154072.0,19343743.0,55952.0
84,Qld,Mareeba,Queensland - Outback,Very Remote Australia,23702.0,198024.0,10199.0
85,Qld,Rockhampton,Central Queensland,Inner Regional Australia,84517.0,4683975.0,35813.0
86,NSW,Mid-Coast,Mid North Coast,Inner Regional Australia,97909.0,4683975.0,50474.0
87,Qld,Ipswich,Ipswich,Inner Regional Australia,251148.0,4683975.0,87352.0
88,Vic,Glenelg,Warrnambool and South West,Outer Regional Australia,20022.0,2119123.0,10173.0
89,Qld,Western Downs,Darling Downs - Maranoa,Outer Regional Australia,34991.0,2119123.0,16165.0
90,SA,Port Adelaide Enfield,Adelaide - West,Major Cities of Australia,138585.0,19343743.0,56716.0
91,NSW,Cabonne,Central West,Outer Regional Australia,13880.0,2119123.0,5895.0
92,Qld,Gold Coast,Gold Coast,Major Cities of Australia,666087.0,19343743.0,270761.0
93,ACT,Unincorporated ACT,Australian Capital Territory,Major Cities of Australia,466566.0,19343743.0,187156.0
94,Vic,Frankston,Mornington Peninsula,Major Cities of Australia,142826.0,19343743.0,58890.0
95,NSW,Moree Plains,New England and North West,Outer Regional Australia,12873.0,2119123.0,6230.0
96,NSW,Parramatta,Sydney - Parramatta,Major Cities of Australia,269145.0,19343743.0,106654.0
97,Tas,Meander Valley,Launceston and North East,Outer Regional Australia,21449.0,2119123.0,9276.0
98,NSW,Queanbeyan-Palerang Regional,Capital Region,Major Cities of Australia,,19343743.0,26549.0
99,NSW,Snowy Monaro Regional,Capital Region,Outer Regional Australia,,2119123.0,12251.0
100,NSW,Federation,Murray,Outer Regional Australia,12939.0,2119123.0,6546.0
101,Qld,Brisbane,Brisbane Inner City,Major Cities of Australia,1323162.0,19343743.0,519431.0
102,NSW,Cowra,Central West,Inner Regional Australia,12659.0,4683975.0,6267.0
103,NSW,Goulburn Mulwaree,Capital Region,Inner Regional Australia,32710.0,4683975.0,14739.0
104,Qld,Gympie,Wide Bay,Inner Regional Australia,56166.0,4683975.0,24767.0
105,Qld,Moreton Bay,Moreton Bay - South,Major Cities of Australia,510104.0,19343743.0,188327.0
106,NSW,Willoughby,Sydney - North Sydney and Hornsby,Major Cities of Australia,77874.0,19343743.0,31175.0
107,NSW,Shoalhaven,Capital Region,Inner Regional Australia,109895.0,4683975.0,58799.0
108,NSW,Queanbeyan-Palerang Regional,Capital Region,Inner Regional Australia,,4683975.0,26549.0
109,Vic,Nillumbik,Melbourne - North East,Inner Regional Australia,63264.0,4683975.0,22406.0
110,NSW,Wollongong,Illawarra,Inner Regional Australia,219141.0,4683975.0,89476.0
111,Qld,South Burnett,Wide Bay,Inner Regional Australia,34290.0,4683975.0,16096.0
112,SA,Tatiara,South Australia - South East,Remote Australia,7066.0,304013.0,3194.0
113,NSW,Tweed,Richmond - Tweed,Inner Regional Australia,98967.0,4683975.0,44661.0
114,NSW,Mid-Coast,Mid North Coast,Outer Regional Australia,97909.0,2119123.0,50474.0
115,Vic,Ararat,North West,Inner Regional Australia,11683.0,4683975.0,5509.0
116,Vic,Colac Otway,Warrnambool and South West,Inner Regional Australia,22273.0,4683975.0,12460.0
117,Qld,McKinlay,Queensland - Outback,Very Remote Australia,849.0,198024.0,497.0
118,NSW,Singleton,Hunter Valley exc Newcastle,Inner Regional Australia,25332.0,4683975.0,9838.0
119,Qld,Gladstone,Central Queensland,Outer Regional Australia,66835.0,2119123.0,29868.0
120,NSW,Lithgow,Central West,Inner Regional Australia,20724.0,4683975.0,10236.0
121,NSW,Campbelltown,Sydney - Outer South West,Major Cities of Australia,,19343743.0,
122,Qld,Sunshine Coast,Sunshine Coast,Major Cities of Australia,365942.0,19343743.0,149005.0
123,NSW,Warrumbungle,Far West and Orana,Outer Regional Australia,9228.0,2119123.0,
124,Qld,Noosa,Sunshine Coast,Major Cities of Australia,58367.0,19343743.0,28715.0
125,NSW,Port Stephens,Newcastle and Lake Macquarie,Major Cities of Australia,77748.0,19343743.0,35699.0
126,Qld,Moreton Bay,Moreton Bay - North,Major Cities of Australia,510104.0,19343743.0,188327.0
127,SA,Gawler,Adelaide - North,Major Cities of Australia,26789.0,19343743.0,11126.0
128,Vic,Alpine,Hume,Inner Regional Australia,13182.0,4683975.0,7271.0
129,NSW,Cabonne,Central West,Inner Regional Australia,13880.0,4683975.0,5895.0
130,Qld,Brisbane,Ipswich,Major Cities of Australia,1323162.0,19343743.0,519431.0
131,Vic,Baw Baw,Latrobe - Gippsland,Inner Regional Australia,60644.0,4683975.0,24522.0
132,Qld,Isaac,Mackay - Isaac - Whitsunday,Remote Australia,23024.0,304013.0,11014.0
133,Qld,Maranoa,Darling Downs - Maranoa,Remote Australia,13255.0,304013.0,6510.0
134,Vic,Southern Grampians,Warrnambool and South West,Outer Regional Australia,16470.0,2119123.0,8292.0
135,NSW,Cessnock,Hunter Valley exc Newcastle,Inner Regional Australia,67591.0,4683975.0,25812.0
136,Qld,Scenic Rim,Logan - Beaudesert,Inner Regional Australia,45248.0,4683975.0,18468.0
137,Qld,Somerset,Ipswich,Inner Regional Australia,26251.0,4683975.0,11020.0
138,Qld,Hinchinbrook,Townsville,Remote Australia,11118.0,304013.0,6030.0
139,Qld,Mackay,Mackay - Isaac - Whitsunday,Inner Regional Australia,126907.0,4683975.0,52308.0
140,SA,Playford,Adelaide - North,Major Cities of Australia,107069.0,19343743.0,39505.0
141,NSW,Cobar,Far West and Orana,Very Remote Australia,4078.0,198024.0,2320.0
142,Vic,Ararat,North West,Outer Regional Australia,11683.0,2119123.0,5509.0
143,SA,Adelaide Hills,Adelaide - Central and Hills,Inner Regional Australia,41842.0,4683975.0,16270.0
144,NSW,Bega Valley,Capital Region,Outer Regional Australia,36279.0,2119123.0,18867.0
145,SA,Tea Tree Gully,Adelaide - North,Major Cities of Australia,103685.0,19343743.0,41034.0
146,NSW,Kiama,Illawarra,Inner Regional Australia,23002.0,4683975.0,10785.0
147,Vic,Moyne,Warrnambool and South West,Outer Regional Australia,17610.0,2119123.0,8550.0
148,NSW,Wollondilly,Sydney - Outer South West,Inner Regional Australia,57616.0,4683975.0,18918.0
149,Qld,Scenic Rim,Ipswich,Inner Regional Australia,45248.0,4683975.0,18468.0
150,Vic,Casey,Melbourne - South East,Major Cities of Australia,392110.0,19343743.0,122674.0
151,SA,Northern Areas,Barossa - Yorke - Mid North,Outer Regional Australia,4667.0,2119123.0,2424.0
152,Qld,Tablelands,Cairns,Outer Regional Australia,27259.0,2119123.0,13184.0
153,NSW,Sydney,Sydney - City and Inner South,Major Cities of Australia,231086.0,19343743.0,124114.0
154,Vic,Murrindindi,Hume,Inner Regional Australia,15482.0,4683975.0,8349.0
155,NSW,Albury,Murray,Inner Regional Australia,57517.0,4683975.0,25430.0
156,Vic,Boroondara,Melbourne - Inner East,Major Cities of Australia,174537.0,19343743.0,72924.0
157,Qld,Redland,Brisbane - East,Major Cities of Australia,166809.0,19343743.0,65216.0
158,SA,Playford,Adelaide - North,Inner Regional Australia,107069.0,4683975.0,39505.0
159,Vic,South Gippsland,Latrobe - Gippsland,Inner Regional Australia,30823.0,4683975.0,17145.0
160,Qld,Hinchinbrook,Townsville,Outer Regional Australia,11118.0,2119123.0,6030.0
161,Vic,Yarra Ranges,Melbourne - Outer East,Inner Regional Australia,158694.0,4683975.0,61574.0
162,Vic,Surf Coast,Geelong,Inner Regional Australia,39292.0,4683975.0,20678.0
163,SA,Mount Barker,Adelaide - Central and Hills,Inner Regional Australia,42297.0,4683975.0,16054.0
164,Qld,Brisbane,Brisbane - East,Major Cities of Australia,1323162.0,19343743.0,519431.0
165,NSW,Cessnock,Hunter Valley exc Newcastle,Major Cities of Australia,67591.0,19343743.0,25812.0
166,NSW,Maitland,Hunter Valley exc Newcastle,Inner Regional Australia,95957.0,4683975.0,35456.0
167,Tas,Hobart,Hobart,Inner Regional Australia,55964.0,4683975.0,24864.0
168,SA,Mitcham,Adelaide - South,Major Cities of Australia,69542.0,19343743.0,27169.0
169,NSW,Clarence Valley,Coffs Harbour - Grafton,Inner Regional Australia,55323.0,4683975.0,26143.0
170,SA,Adelaide,Adelaide - Central and Hills,Major Cities of Australia,27901.0,19343743.0,14766.0
171,Tas,Clarence,Unknown,Inner Regional Australia,63663.0,4683975.0,25894.0
172,NSW,Lismore,Richmond - Tweed,Inner Regional Australia,43907.0,4683975.0,19781.0
173,Vic,Greater Shepparton,Shepparton,Inner Regional Australia,69135.0,4683975.0,28885.0
174,Vic,Moreland,Melbourne - North West,Major Cities of Australia,,19343743.0,78310.0
175,NSW,Narrandera,Riverina,Outer Regional Australia,5692.0,2119123.0,2694.0
176,Tas,Huon Valley,South East,Outer Regional Australia,19454.0,2119123.0,8767.0
177,Qld,Townsville,Townsville,Outer Regional Australia,201433.0,2119123.0,83412.0
178,NSW,Griffith,Riverina,Outer Regional Australia,27132.0,2119123.0,10833.0
179,Vic,Wodonga,Hume,Inner Regional Australia,44276.0,4683975.0,18214.0
180,NSW,Mid-Coast,Hunter Valley exc Newcastle,Inner Regional Australia,97909.0,4683975.0,50474.0
181,Vic,Darebin,Melbourne - Inner,Major Cities of Australia,155683.0,19343743.0,68366.0
182,Vic,Ballarat,Ballarat,Inner Regional Australia,118137.0,4683975.0,50347.0
183,NSW,Wingecarribee,Southern Highlands and Shoalhaven,Inner Regional Australia,53109.0,4683975.0,23623.0
184,Vic,Cardinia,Melbourne - South East,Inner Regional Australia,126960.0,4683975.0,43533.0
185,Vic,Maroondah,Melbourne - Outer East,Major Cities of Australia,117434.0,19343743.0,46937.0
186,NSW,Tweed,Richmond - Tweed,Major Cities of Australia,98967.0,19343743.0,44661.0
187,Qld,North Burnett,Wide Bay,Outer Regional Australia,10352.0,2119123.0,5494.0
188,NSW,Moree Plains,New England and North West,Remote Australia,12873.0,304013.0,6230.0
189,Vic,Mornington Peninsula,Mornington Peninsula,Major Cities of Australia,170243.0,19343743.0,93602.0
190,SA,Unley,Adelaide - Central and Hills,Major Cities of Australia,39929.0,19343743.0,17360.0
191,SA,Alexandrina,South Australia - South East,Inner Regional Australia,30323.0,4683975.0,16760.0
192,Qld,Gympie,Wide Bay,Outer Regional Australia,56166.0,2119123.0,24767.0
193,Vic,Melton,Melbourne - West,Major Cities of Australia,206070.0,19343743.0,60363.0
194,Qld,Burdekin,Townsville,Outer Regional Australia,17020.0,2119123.0,8259.0
195,Vic,Knox,Melbourne - Outer East,Major Cities of Australia,161766.0,19343743.0,62012.0
196,Vic,Whittlesea,Melbourne - North East,Inner Regional Australia,245029.0,4683975.0,82993.0
197,Vic,Monash,Melbourne - South East,Major Cities of Australia,203560.0,19343743.0,76463.0
198,NSW,Unincorporated,Far West and Orana,Very Remote Australia,,198024.0,
199,Qld,Barcaldine,Queensland - Outback,Very Remote Australia,2894.0,198024.0,1896.0
200,Vic,Wyndham,Melbourne - West,Major Cities of Australia,324087.0,19343743.0,100363.0
201,NSW,Glen Innes Severn,New England and North West,Outer Regional Australia,8989.0,2119123.0,4610.0
202,Qld,Brisbane,Brisbane - West,Major Cities of Australia,1323162.0,19343743.0,519431.0
203,NSW,Northern Beaches,Sydney - Northern Beaches,Major Cities of Australia,267921.0,19343743.0,105115.0
204,Qld,Livingstone,Central Queensland,Outer Regional Australia,41906.0,2119123.0,17841.0
205,Vic,Yarra Ranges,Melbourne - Outer East,Major Cities of Australia,158694.0,19343743.0,61574.0
206,Qld,Cook,Queensland - Outback,Very Remote Australia,4761.0,198024.0,3163.0
207,Tas,Clarence,Hobart,Inner Regional Australia,63663.0,4683975.0,25894.0
208,NSW,Georges River,Sydney - Inner South West,Major Cities of Australia,158051.0,19343743.0,58429.0
209,NSW,Maitland,Hunter Valley exc Newcastle,Major Cities of Australia,95957.0,19343743.0,35456.0
210,NSW,Greater Hume,Murray,Inner Regional Australia,11445.0,4683975.0,
211,Vic,Kingston (Vic.),Melbourne - South East,Major Cities of Australia,163724.0,19343743.0,67622.0
212,Vic,Manningham,Melbourne - Inner East,Major Cities of Australia,129514.0,19343743.0,49918.0
213,NSW,Bathurst Regional,Central West,Inner Regional Australia,,4683975.0,18458.0
214,SA,Wudinna,South Australia - Outback,Remote Australia,1161.0,304013.0,616.0
215,NSW,Inverell,New England and North West,Outer Regional Australia,18059.0,2119123.0,8137.0
216,Vic,Brimbank,Melbourne - West,Major Cities of Australia,196046.0,19343743.0,71871.0
217,Vic,Darebin,Melbourne - North East,Major Cities of Australia,155683.0,19343743.0,68366.0
218,SA,Charles Sturt,Adelaide - West,Major Cities of Australia,127440.0,19343743.0,54847.0
219,Tas,Flinders (Tas.),Launceston and North East,Very Remote Australia,933.0,198024.0,689.0
220,Tas,Burnie,West and North West,Outer Regional Australia,20463.0,2119123.0,9274.0
221,Vic,Greater Geelong,Geelong,Major Cities of Australia,282809.0,19343743.0,120823.0
222,SA,Adelaide Hills,Adelaide - Central and Hills,Major Cities of Australia,41842.0,19343743.0,16270.0
223,SA,Onkaparinga,Adelaide - South,Inner Regional Australia,180865.0,4683975.0,75493.0
224,Vic,Stonnington,Melbourne - Inner South,Major Cities of Australia,111335.0,19343743.0,59609.0
225,Tas,Launceston,Launceston and North East,Outer Regional Australia,71788.0,2119123.0,31369.0
226,Vic,Indigo,Hume,Inner Regional Australia,17662.0,4683975.0,7750.0
227,Vic,Yarra,Melbourne - Inner,Major Cities of Australia,97448.0,19343743.0,50059.0
228,Vic,Port Phillip,Melbourne - Inner,Major Cities of Australia,109515.0,19343743.0,63301.0
229,NT,Unknown,Unknown,Unknown,,,
230,Tas,Waratah-Wynyard,West and North West,Outer Regional Australia,14767.0,2119123.0,6909.0
231,Vic,Campaspe,Shepparton,Inner Regional Australia,38299.0,4683975.0,17840.0
232,NT,Barkly,Northern Territory - Outback,Very Remote Australia,7239.0,198024.0,2932.0
233,NSW,Blacktown,Sydney - Parramatta,Major Cities of Australia,426202.0,19343743.0,133984.0
234,NSW,Blayney,Central West,Inner Regional Australia,7644.0,4683975.0,3246.0
235,SA,Campbelltown (SA),Adelaide - Central and Hills,Major Cities of Australia,57160.0,19343743.0,23247.0
236,Vic,Latrobe (Vic.),Latrobe - Gippsland,Inner Regional Australia,78154.0,4683975.0,35685.0
237,NT,Palmerston,Darwin,Outer Regional Australia,41113.0,2119123.0,14542.0
238,NSW,Gunnedah,New England and North West,Outer Regional Australia,13280.0,2119123.0,5842.0
239,Tas,Break O'Day,Launceston and North East,Outer Regional Australia,,2119123.0,4850.0
240,Vic,Buloke,North West,Outer Regional Australia,6040.0,2119123.0,3397.0
241,Vic,West Wimmera,North West,Outer Regional Australia,3933.0,2119123.0,2255.0
242,NSW,Ku-ring-gai,Sydney - North Sydney and Hornsby,Major Cities of Australia,126983.0,19343743.0,45894.0
243,Vic,Casey,Melbourne - South East,Inner Regional Australia,392110.0,4683975.0,122674.0
244,NSW,Shoalhaven,Southern Highlands and Shoalhaven,Inner Regional Australia,109895.0,4683975.0,58799.0
245,Vic,Warrnambool,Warrnambool and South West,Inner Regional Australia,35907.0,4683975.0,16025.0
246,NSW,Berrigan,Murray,Inner Regional Australia,8643.0,4683975.0,4265.0
247,NSW,Warren,Far West and Orana,Remote Australia,2583.0,304013.0,1228.0
248,NT,Victoria Daly,Northern Territory - Outback,Very Remote Australia,3295.0,198024.0,1232.0
249,Vic,Moira,Shepparton,Inner Regional Australia,30775.0,4683975.0,14948.0
250,Qld,Brisbane,Brisbane - North,Major Cities of Australia,1323162.0,19343743.0,519431.0
251,SA,Berri Barmera,South Australia - South East,Outer Regional Australia,10730.0,2119123.0,5257.0
252,Vic,Moonee Valley,Melbourne - Inner,Major Cities of Australia,126486.0,19343743.0,55115.0
253,NT,Litchfield,Darwin,Outer Regional Australia,23415.0,2119123.0,8883.0
254,Vic,Greater Dandenong,Melbourne - South East,Major Cities of Australia,163792.0,19343743.0,58198.0
255,Vic,Golden Plains,Geelong,Inner Regional Australia,25818.0,4683975.0,9408.0
256,Qld,Toowoomba,Darling Downs - Maranoa,Outer Regional Australia,181821.0,2119123.0,74054.0
257,Vic,Moonee Valley,Melbourne - North West,Major Cities of Australia,126486.0,19343743.0,55115.0
258,SA,Onkaparinga,Adelaide - South,Major Cities of Australia,180865.0,19343743.0,75493.0
259,NSW,Inner West,Sydney - Inner West,Major Cities of Australia,188325.0,19343743.0,85462.0
260,SA,Whyalla,South Australia - Outback,Outer Regional Australia,21902.0,2119123.0,11247.0
261,Qld,Rockhampton,Central Queensland,Outer Regional Australia,84517.0,2119123.0,35813.0
262,SA,Unincorporated SA,South Australia - Outback,Remote Australia,3015.0,304013.0,2910.0
263,Qld,Gladstone,Central Queensland,Inner Regional Australia,66835.0,4683975.0,29868.0
264,Qld,Noosa,Sunshine Coast,Inner Regional Australia,58367.0,4683975.0,28715.0
265,Qld,Mount Isa,Queensland - Outback,Remote Australia,18945.0,304013.0,9053.0
266,Vic,Kingston (Vic.),Melbourne - Inner South,Major Cities of Australia,163724.0,19343743.0,67622.0
267,Qld,Toowoomba,Darling Downs - Maranoa,Inner Regional Australia,181821.0,4683975.0,74054.0
268,Vic,Maribyrnong,Melbourne - West,Major Cities of Australia,91762.0,19343743.0,40501.0
269,SA,Marion,Adelaide - South,Major Cities of Australia,98493.0,19343743.0,41654.0
270,Qld,Gold Coast,Gold Coast,Inner Regional Australia,666087.0,4683975.0,270761.0
271,Vic,Mildura,North West,Outer Regional Australia,57554.0,2119123.0,25371.0
272,NSW,Hornsby,Sydney - North Sydney and Hornsby,Inner Regional Australia,154072.0,4683975.0,55952.0
273,Vic,Mansfield,Hume,Outer Regional Australia,10546.0,2119123.0,6619.0
274,Qld,Charters Towers,Townsville,Very Remote Australia,12013.0,198024.0,5974.0
275,NSW,Richmond Valley,Richmond - Tweed,Inner Regional Australia,23705.0,4683975.0,10692.0
276,NSW,Sutherland,Sydney - Sutherland,Inner Regional Australia,235029.0,4683975.0,
277,NSW,Mid-Western Regional,Central West,Inner Regional Australia,,4683975.0,12262.0
278,Vic,Hume,Melbourne - North West,Major Cities of Australia,262764.0,19343743.0,83980.0
279,NSW,Newcastle,Newcastle and Lake Macquarie,Major Cities of Australia,174294.0,19343743.0,74585.0
280,Tas,West Tamar,Launceston and North East,Inner Regional Australia,26039.0,4683975.0,11308.0
281,Vic,Glen Eira,Melbourne - Inner South,Major Cities of Australia,156837.0,19343743.0,66235.0
282,Qld,Sunshine Coast,Sunshine Coast,Inner Regional Australia,365942.0,4683975.0,149005.0
283,Vic,Nillumbik,Melbourne - North East,Major Cities of Australia,63264.0,19343743.0,22406.0
284,Vic,Yarriambiack,North West,Remote Australia,6389.0,304013.0,3598.0
285,Vic,Pyrenees,Ballarat,Inner Regional Australia,7786.0,4683975.0,3939.0
286,NSW,Unincorporated,Far West and Orana,Remote Australia,,304013.0,
287,NSW,Strathfield,Sydney - Inner South West,Major Cities of Australia,47824.0,19343743.0,18287.0
288,NSW,Bayside,Sydney - Inner South West,Major Cities of Australia,,19343743.0,
289,NSW,Coffs Harbour,Coffs Harbour - Grafton,Inner Regional Australia,80489.0,4683975.0,34696.0
290,NSW,Lake Macquarie,Newcastle and Lake Macquarie,Inner Regional Australia,219249.0,4683975.0,88908.0
291,Qld,Bundaberg,Wide Bay,Outer Regional Australia,104166.0,2119123.0,46081.0
292,SA,Mid Murray,South Australia - South East,Inner Regional Australia,9496.0,4683975.0,7413.0
293,SA,Murray Bridge,South Australia - South East,Inner Regional Australia,22901.0,4683975.0,10164.0
294,NSW,Murray River,Murray,Outer Regional Australia,13326.0,2119123.0,6268.0
295,NSW,Camden,Sydney - Outer South West,Major Cities of Australia,134811.0,19343743.0,39601.0
296,Tas,Glenorchy,Hobart,Inner Regional Australia,50808.0,4683975.0,21879.0
297,NSW,Hornsby,Sydney - North Sydney and Hornsby,Major Cities of Australia,154072.0,19343743.0,55952.0
298,NSW,Randwick,Sydney - Eastern Suburbs,Major Cities of Australia,141840.0,19343743.0,59965.0
299,NSW,Strathfield,Sydney - Inner West,Major Cities of Australia,47824.0,19343743.0,18287.0
300,NSW,Hunters Hill,Sydney - Ryde,Major Cities of Australia,14036.0,19343743.0,5323.0
301,Vic,Wangaratta,Hume,Inner Regional Australia,30002.0,4683975.0,13677.0
302,NSW,Parkes,Central West,Outer Regional Australia,14256.0,2119123.0,6697.0
303,NSW,Dubbo Regional,Far West and Orana,Outer Regional Australia,,2119123.0,22823.0
304,NSW,Byron,Richmond - Tweed,Inner Regional Australia,37126.0,4683975.0,16996.0
305,NSW,Cabonne,Far West and Orana,Outer Regional Australia,13880.0,2119123.0,5895.0
306,ACT,Unincorporated ACT,Australian Capital Territory,Inner Regional Australia,466566.0,4683975.0,187156.0
307,Vic,Moorabool,Ballarat,Inner Regional Australia,39092.0,4683975.0,15473.0
308,Qld,Isaac,Mackay - Isaac - Whitsunday,Outer Regional Australia,23024.0,2119123.0,11014.0
309,Vic,Benalla,Hume,Inner Regional Australia,14529.0,4683975.0,7211.0
310,NSW,Bellingen,Coffs Harbour - Grafton,Inner Regional Australia,13231.0,4683975.0,6390.0
311,Vic,Wellington,Latrobe - Gippsland,Inner Regional Australia,46124.0,4683975.0,23554.0
312,NSW,Central Coast,Central Coast,Inner Regional Australia,,4683975.0,
313,NSW,Edward River,Murray,Outer Regional Australia,8430.0,2119123.0,4252.0
314,SA,Coorong,South Australia - South East,Outer Regional Australia,5612.0,2119123.0,3106.0
315,Tas,George Town,Launceston and North East,Outer Regional Australia,7330.0,2119123.0,3685.0
316,NSW,Ryde,Sydney - Ryde,Major Cities of Australia,135716.0,19343743.0,55742.0
317,Vic,Bass Coast,Latrobe - Gippsland,Inner Regional Australia,42729.0,4683975.0,28981.0
318,Qld,Richmond,Queensland - Outback,Very Remote Australia,781.0,198024.0,438.0
319,Vic,Strathbogie,Hume,Inner Regional Australia,11578.0,4683975.0,6164.0
320,NSW,Hay,Murray,Remote Australia,2830.0,304013.0,1552.0
321,NSW,Weddin,Central West,Outer Regional Australia,3616.0,2119123.0,1869.0
322,Vic,Moorabool,Melbourne - West,Inner Regional Australia,39092.0,4683975.0,15473.0
323,Vic,Moira,Shepparton,Outer Regional Australia,30775.0,2119123.0,14948.0
324,NSW,Lachlan,Central West,Outer Regional Australia,6147.0,2119123.0,3014.0
325,NSW,Waverley,Sydney - Eastern Suburbs,Major Cities of Australia,71414.0,19343743.0,32850.0
326,Vic,Northern Grampians,North West,Outer Regional Australia,11879.0,2119123.0,6253.0
327,Qld,Charters Towers,Townsville,Outer Regional Australia,12013.0,2119123.0,5974.0
328,Qld,Mareeba,Cairns,Outer Regional Australia,23702.0,2119123.0,10199.0
329,Vic,Horsham,North West,Outer Regional Australia,20315.0,2119123.0,9638.0
330,SA,Adelaide Plains,Adelaide - North,Inner Regional Australia,10932.0,4683975.0,4006.0
331,Vic,Stonnington,Melbourne - Inner,Major Cities of Australia,111335.0,19343743.0,59609.0
332,SA,Mount Remarkable,Barossa - Yorke - Mid North,Outer Regional Australia,2897.0,2119123.0,1866.0
333,NSW,Gilgandra,Far West and Orana,Outer Regional Australia,4309.0,2119123.0,2137.0
334,SA,Adelaide Plains,Barossa - Yorke - Mid North,Inner Regional Australia,10932.0,4683975.0,4006.0
335,Qld,Goondiwindi,Darling Downs - Maranoa,Outer Regional Australia,10452.0,2119123.0,4857.0
336,Vic,Mitchell,Melbourne - North East,Inner Regional Australia,53723.0,4683975.0,19590.0
337,Qld,Cassowary Coast,Cairns,Remote Australia,29972.0,304013.0,15123.0
338,SA,Clare and Gilbert Valleys,Barossa - Yorke - Mid North,Outer Regional Australia,9405.0,2119123.0,4678.0
339,Qld,Moreton Bay,Moreton Bay - South,Inner Regional Australia,510104.0,4683975.0,188327.0
340,SA,West Torrens,Adelaide - West,Major Cities of Australia,64519.0,19343743.0,27977.0
341,Vic,Yarriambiack,North West,Outer Regional Australia,6389.0,2119123.0,3598.0
342,NSW,Snowy Valleys,Riverina,Inner Regional Australia,14935.0,4683975.0,7075.0
343,Vic,Whitehorse,Melbourne - Outer East,Major Cities of Australia,178639.0,19343743.0,71712.0
344,Qld,Cloncurry,Queensland - Outback,Very Remote Australia,3851.0,198024.0,2123.0
345,NSW,Hawkesbury,Sydney - Baulkham Hills and Hawkesbury,Outer Regional Australia,68156.0,2119123.0,25523.0
346,Qld,Western Downs,Darling Downs - Maranoa,Remote Australia,34991.0,304013.0,16165.0
347,NSW,Penrith,Sydney - South West,Major Cities of Australia,224483.0,19343743.0,81250.0
348,Qld,Redland,Brisbane - East,Outer Regional Australia,166809.0,2119123.0,65216.0
349,NSW,Hawkesbury,Sydney - Baulkham Hills and Hawkesbury,Major Cities of Australia,68156.0,19343743.0,25523.0
350,Tas,Sorell,Hobart,Inner Regional Australia,17635.0,4683975.0,8134.0
351,Vic,Towong,Hume,Outer Regional Australia,6243.0,2119123.0,3125.0
352,SA,Grant,South Australia - South East,Outer Regional Australia,9044.0,2119123.0,3745.0
353,Vic,Hepburn,Ballarat,Inner Regional Australia,16670.0,4683975.0,9511.0
354,Qld,Central Highlands (Qld),Central Queensland,Outer Regional Australia,28973.0,2119123.0,14180.0
355,Qld,Charters Towers,Townsville,Remote Australia,12013.0,304013.0,5974.0
356,NSW,Blayney,Central West,Outer Regional Australia,7644.0,2119123.0,3246.0
357,NSW,Hilltops,Capital Region,Outer Regional Australia,19255.0,2119123.0,9220.0
358,Qld,Lockyer Valley,Ipswich,Inner Regional Australia,43847.0,4683975.0,16162.0
359,WA,Unknown,Unknown,Major Cities of Australia,,19343743.0,
360,Tas,Circular Head,West and North West,Remote Australia,8352.0,304013.0,4064.0
361,Vic,Swan Hill,North West,Outer Regional Australia,21212.0,2119123.0,9554.0
362,NSW,Murrumbidgee,Riverina,Outer Regional Australia,3607.0,2119123.0,1647.0
363,WA,Unknown,Unknown,Inner Regional Australia,,4683975.0,
364,WA,Unknown,Unknown,Outer Regional Australia,,2119123.0,
365,NSW,Upper Lachlan,Capital Region,Outer Regional Australia,8706.0,2119123.0,
366,NSW,Orange,Central West,Inner Regional Australia,44244.0,4683975.0,18706.0
367,Tas,Launceston,Launceston and North East,Inner Regional Australia,71788.0,4683975.0,31369.0
368,NSW,Cowra,Central West,Outer Regional Australia,12659.0,2119123.0,6267.0
369,SA,Walkerville,Adelaide - Central and Hills,Major Cities of Australia,8420.0,19343743.0,3663.0
370,NSW,Bayside,Sydney - City and Inner South,Major Cities of Australia,,19343743.0,
371,NSW,Sutherland,Illawarra,Inner Regional Australia,235029.0,4683975.0,
372,Vic,Whitehorse,Melbourne - Inner East,Major Cities of Australia,178639.0,19343743.0,71712.0
373,WA,Unknown,Unknown,Remote Australia,,304013.0,
374,NSW,Wentworth,Murray,Remote Australia,7688.0,304013.0,3457.0
375,Tas,Tasman,South East,Outer Regional Australia,2686.0,2119123.0,2644.0
376,Tas,Latrobe (Tas.),West and North West,Outer Regional Australia,13062.0,2119123.0,5816.0
377,SA,Port Augusta,South Australia - Outback,Outer Regional Australia,14420.0,2119123.0,7015.0
378,Vic,Benalla,Hume,Outer Regional Australia,14529.0,2119123.0,7211.0
379,NSW,Liverpool Plains,New England and North West,Outer Regional Australia,7667.0,2119123.0,3694.0
380,Vic,Mornington Peninsula,Mornington Peninsula,Inner Regional Australia,170243.0,4683975.0,93602.0
381,Qld,Banana,Central Queensland,Outer Regional Australia,14919.0,2119123.0,7247.0
382,WA,Unknown,Unknown,Very Remote Australia,,198024.0,
383,SA,Mount Barker,Adelaide - Central and Hills,Major Cities of Australia,42297.0,19343743.0,16054.0
384,NSW,Inner West,Sydney - City and Inner South,Major Cities of Australia,188325.0,19343743.0,85462.0
385,Vic,Loddon,Bendigo,Outer Regional Australia,7747.0,2119123.0,4323.0
386,NSW,Eurobodalla,Capital Region,Inner Regional Australia,40912.0,4683975.0,24600.0
387,NSW,Sutherland,Sydney - Sutherland,Major Cities of Australia,235029.0,19343743.0,
388,SA,Barunga West,Barossa - Yorke - Mid North,Outer Regional Australia,2680.0,2119123.0,1928.0
389,NSW,Tamworth Regional,New England and North West,Inner Regional Australia,,4683975.0,27725.0
390,Tas,West Coast,West and North West,Remote Australia,4359.0,304013.0,3123.0
391,SA,Tatiara,South Australia - South East,Outer Regional Australia,7066.0,2119123.0,3194.0
392,NSW,Snowy Monaro Regional,Capital Region,Inner Regional Australia,,4683975.0,12251.0
393,Qld,Etheridge,Queensland - Outback,Very Remote Australia,726.0,198024.0,750.0
394,NSW,Bland,Central West,Outer Regional Australia,5464.0,2119123.0,3107.0
395,NSW,Oberon,Central West,Outer Regional Australia,5600.0,2119123.0,2828.0
396,Qld,Maranoa,Darling Downs - Maranoa,Outer Regional Australia,13255.0,2119123.0,6510.0
397,Vic,East Gippsland,Latrobe - Gippsland,Remote Australia,49179.0,304013.0,26078.0
398,Vic,Corangamite,Warrnambool and South West,Inner Regional Australia,15948.0,4683975.0,7897.0
399,SA,Yorke Peninsula,Barossa - Yorke - Mid North,Outer Regional Australia,12040.0,2119123.0,10310.0
400,Tas,Derwent Valley,Hobart,Inner Regional Australia,11341.0,4683975.0,4749.0
401,NSW,Hornsby,Sydney - Ryde,Major Cities of Australia,154072.0,19343743.0,55952.0
402,SA,Port Pirie,Barossa - Yorke - Mid North,Outer Regional Australia,17602.0,2119123.0,8589.0
403,NSW,Muswellbrook,Hunter Valley exc Newcastle,Outer Regional Australia,16778.0,2119123.0,7333.0
404,Tas,Circular Head,West and North West,Outer Regional Australia,8352.0,2119123.0,4064.0
405,Tas,Devonport,West and North West,Outer Regional Australia,26977.0,2119123.0,12071.0
406,Qld,Flinders (Qld),Queensland - Outback,Very Remote Australia,1544.0,198024.0,992.0
407,NSW,Burwood,Sydney - Inner West,Major Cities of Australia,42498.0,19343743.0,16201.0
408,NT,Alice Springs,Northern Territory - Outback,Remote Australia,29213.0,304013.0,11681.0
409,NSW,Nambucca Valley,Mid North Coast,Outer Regional Australia,20774.0,2119123.0,10016.0
410,Qld,Somerset,Moreton Bay - North,Outer Regional Australia,26251.0,2119123.0,11020.0
411,NSW,Lachlan,Central West,Remote Australia,6147.0,304013.0,3014.0
412,NSW,Gwydir,New England and North West,Outer Regional Australia,4940.0,2119123.0,2443.0
413,SA,Port Adelaide Enfield,Adelaide - North,Major Cities of Australia,138585.0,19343743.0,56716.0
414,Vic,Macedon Ranges,Bendigo,Inner Regional Australia,52920.0,4683975.0,20630.0
415,Vic,Banyule,Melbourne - North East,Major Cities of Australia,129602.0,19343743.0,53031.0
416,NSW,Lithgow,Central West,Outer Regional Australia,20724.0,2119123.0,10236.0
417,NSW,Federation,Murray,Inner Regional Australia,12939.0,4683975.0,6546.0
418,NSW,Wagga Wagga,Riverina,Outer Regional Australia,68716.0,2119123.0,28244.0
419,NSW,Coonamble,Far West and Orana,Remote Australia,3861.0,304013.0,1825.0
420,NSW,Kempsey,Mid North Coast,Inner Regional Australia,31453.0,4683975.0,14292.0
421,NSW,Carrathool,Riverina,Outer Regional Australia,2765.0,2119123.0,1312.0
422,Qld,Barcoo,Queensland - Outback,Very Remote Australia,317.0,198024.0,267.0
423,Qld,Mareeba,Queensland - Outback,Outer Regional Australia,23702.0,2119123.0,10199.0
424,Vic,Hobsons Bay,Melbourne - West,Major Cities of Australia,93738.0,19343743.0,39336.0
425,NSW,Temora,Riverina,Outer Regional Australia,6029.0,2119123.0,2926.0
426,SA,Karoonda East Murray,South Australia - South East,Outer Regional Australia,1016.0,2119123.0,610.0
427,Qld,Livingstone,Central Queensland,Inner Regional Australia,41906.0,4683975.0,17841.0
428,Vic,Unincorporated Vic,Latrobe - Gippsland,Outer Regional Australia,953.0,2119123.0,1054.0
429,Vic,Gannawarra,North West,Outer Regional Australia,10420.0,2119123.0,5326.0
430,NSW,Blue Mountains,Sydney - Outer West and Blue Mountains,Inner Regional Australia,78446.0,4683975.0,35239.0
431,SA,Ceduna,South Australia - Outback,Very Remote Australia,3717.0,198024.0,1909.0
432,NSW,Parramatta,Sydney - Ryde,Major Cities of Australia,269145.0,19343743.0,106654.0
433,Qld,Whitsunday,Mackay - Isaac - Whitsunday,Remote Australia,39712.0,304013.0,18043.0
434,NSW,Shellharbour,Illawarra,Inner Regional Australia,79738.0,4683975.0,29884.0
435,NT,Darwin,Darwin,Outer Regional Australia,85465.0,2119123.0,34806.0
436,Vic,Baw Baw,Latrobe - Gippsland,Outer Regional Australia,60644.0,2119123.0,24522.0
437,NT,Central Desert,Northern Territory - Outback,Very Remote Australia,4126.0,198024.0,1272.0
438,NSW,Sutherland,Sydney - Outer South West,Inner Regional Australia,235029.0,4683975.0,
439,NSW,Kempsey,Mid North Coast,Outer Regional Australia,31453.0,2119123.0,14292.0
440,Qld,Carpentaria,Queensland - Outback,Very Remote Australia,2212.0,198024.0,1639.0
441,SA,Wudinna,South Australia - Outback,Very Remote Australia,1161.0,198024.0,616.0
442,Qld,Murweh,Queensland - Outback,Very Remote Australia,3966.0,198024.0,2269.0
443,NSW,Eurobodalla,Capital Region,Outer Regional Australia,40912.0,2119123.0,24600.0
444,SA,Renmark Paringa,South Australia - South East,Outer Regional Australia,10107.0,2119123.0,4669.0
445,SA,Loxton Waikerie,South Australia - South East,Outer Regional Australia,11897.0,2119123.0,5787.0
446,Tas,Central Coast (Tas.),West and North West,Outer Regional Australia,23331.0,2119123.0,10434.0
447,NSW,Berrigan,Murray,Outer Regional Australia,8643.0,2119123.0,4265.0
448,SA,Norwood Payneham and St Peters,Adelaide - Central and Hills,Major Cities of Australia,39312.0,19343743.0,18126.0
449,Tas,Sorell,Hobart,Outer Regional Australia,17635.0,2119123.0,8134.0
450,NSW,Clarence Valley,Coffs Harbour - Grafton,Outer Regional Australia,55323.0,2119123.0,26143.0
451,NSW,Yass Valley,Capital Region,Major Cities of Australia,17477.0,19343743.0,6823.0
452,NT,MacDonnell,Northern Territory - Outback,Very Remote Australia,6706.0,198024.0,2243.0
453,NSW,Leeton,Riverina,Outer Regional Australia,11431.0,2119123.0,4705.0
454,NSW,Balranald,Murray,Remote Australia,2202.0,304013.0,1091.0
455,Qld,Scenic Rim,Gold Coast,Inner Regional Australia,45248.0,4683975.0,18468.0
456,NSW,Port Macquarie-Hastings,Mid North Coast,Outer Regional Australia,89596.0,2119123.0,40066.0
457,Tas,Kingborough,South East,Outer Regional Australia,41179.0,2119123.0,17301.0
458,Vic,Moreland,Melbourne - Inner,Major Cities of Australia,,19343743.0,78310.0
459,SA,Copper Coast,Barossa - Yorke - Mid North,Outer Regional Australia,15951.0,2119123.0,9242.0
460,NSW,Lockhart,Riverina,Inner Regional Australia,3396.0,4683975.0,1417.0
461,SA,Naracoorte Lucindale,South Australia - South East,Outer Regional Australia,8928.0,2119123.0,4076.0
462,SA,Southern Mallee,South Australia - South East,Remote Australia,2012.0,304013.0,1077.0
463,NSW,Glen Innes Severn,New England and North West,Inner Regional Australia,8989.0,4683975.0,4610.0
464,NSW,Hornsby,Sydney - Baulkham Hills and Hawkesbury,Inner Regional Australia,154072.0,4683975.0,55952.0
465,Tas,Kentish,West and North West,Outer Regional Australia,6831.0,2119123.0,2915.0
466,SA,Goyder,Barossa - Yorke - Mid North,Inner Regional Australia,4132.0,4683975.0,2371.0
467,Vic,Brimbank,Melbourne - North West,Major Cities of Australia,196046.0,19343743.0,71871.0
468,SA,Flinders Ranges,South Australia - Outback,Outer Regional Australia,1673.0,2119123.0,1084.0
469,ACT,Unknown,Unknown,Unknown,,,
470,Vic,Greater Geelong,Geelong,Inner Regional Australia,282809.0,4683975.0,120823.0
471,Vic,Loddon,Bendigo,Inner Regional Australia,7747.0,4683975.0,4323.0
472,NSW,Junee,Riverina,Inner Regional Australia,6520.0,4683975.0,2519.0
473,SA,Victor Harbor,South Australia - South East,Inner Regional Australia,16869.0,4683975.0,9764.0
474,SA,Burnside,Adelaide - Central and Hills,Major Cities of Australia,47444.0,19343743.0,19630.0
475,NT,Coomalie,Northern Territory - Outback,Remote Australia,1421.0,304013.0,1065.0
476,Vic,Manningham,Melbourne - Outer East,Major Cities of Australia,129514.0,19343743.0,49918.0
477,Vic,Corangamite,Warrnambool and South West,Outer Regional Australia,15948.0,2119123.0,7897.0
478,SA,Wakefield,Barossa - Yorke - Mid North,Inner Regional Australia,6958.0,4683975.0,3348.0
479,NSW,Mosman,Sydney - North Sydney and Hornsby,Major Cities of Australia,29071.0,19343743.0,13410.0
480,Tas,Glamorgan-Spring Bay,South East,Outer Regional Australia,5237.0,2119123.0,4752.0
481,NSW,Hawkesbury,Sydney - Outer West and Blue Mountains,Major Cities of Australia,68156.0,19343743.0,25523.0
482,NSW,Penrith,Sydney - Outer West and Blue Mountains,Inner Regional Australia,224483.0,4683975.0,81250.0
483,Tas,Southern Midlands,South East,Outer Regional Australia,6912.0,2119123.0,2978.0
484,Qld,Scenic Rim,Logan - Beaudesert,Outer Regional Australia,45248.0,2119123.0,18468.0
485,Vic,Mount Alexander,Bendigo,Inner Regional Australia,20576.0,4683975.0,10141.0
486,NSW,North Sydney,Sydney - North Sydney and Hornsby,Major Cities of Australia,72014.0,19343743.0,39034.0
487,NT,Roper Gulf,Northern Territory - Outback,Very Remote Australia,7491.0,198024.0,2923.0
488,Qld,Western Downs,Darling Downs - Maranoa,Inner Regional Australia,34991.0,4683975.0,16165.0
489,NSW,Woollahra,Sydney - Eastern Suburbs,Major Cities of Australia,54660.0,19343743.0,26588.0
490,SA,Prospect,Adelaide - Central and Hills,Major Cities of Australia,23137.0,19343743.0,9474.0
491,NT,Katherine,Northern Territory - Outback,Remote Australia,10829.0,304013.0,4436.0
492,Qld,Mareeba,Queensland - Outback,Remote Australia,23702.0,304013.0,10199.0
493,Vic,Mildura,North West,Remote Australia,57554.0,304013.0,25371.0
494,Vic,Wellington,Latrobe - Gippsland,Outer Regional Australia,46124.0,2119123.0,23554.0
495,Qld,Northern Peninsula Area,Queensland - Outback,Very Remote Australia,2908.0,198024.0,1100.0
496,Vic,Mitchell,Melbourne - North East,Major Cities of Australia,53723.0,19343743.0,19590.0
497,NSW,Wingecarribee,Sydney - Outer South West,Inner Regional Australia,53109.0,4683975.0,23623.0
498,NSW,Kyogle,Richmond - Tweed,Outer Regional Australia,9468.0,2119123.0,4688.0
499,NSW,Port Stephens,Hunter Valley exc Newcastle,Major Cities of Australia,77748.0,19343743.0,35699.0
500,NT,Unincorporated NT,Darwin,Outer Regional Australia,7713.0,2119123.0,4175.0
501,SA,Orroroo Carrieton,Barossa - Yorke - Mid North,Outer Regional Australia,889.0,2119123.0,541.0
502,Vic,Central Goldfields,Ballarat,Inner Regional Australia,13574.0,4683975.0,7004.0
503,NT,Unincorporated NT,Northern Territory - Outback,Remote Australia,7713.0,304013.0,4175.0
504,NSW,Central Darling,Far West and Orana,Very Remote Australia,1757.0,198024.0,1065.0
505,Qld,Balonne,Darling Downs - Maranoa,Remote Australia,4345.0,304013.0,2283.0
506,Tas,Kingborough,Hobart,Inner Regional Australia,41179.0,4683975.0,17301.0
507,Qld,Maranoa,Darling Downs - Maranoa,Very Remote Australia,13255.0,198024.0,6510.0
508,NSW,Walgett,Far West and Orana,Remote Australia,5519.0,304013.0,2865.0
509,NSW,Coolamon,Riverina,Outer Regional Australia,4549.0,2119123.0,1974.0
510,Qld,Bulloo,Queensland - Outback,Very Remote Australia,346.0,198024.0,230.0
511,NSW,Bellingen,Coffs Harbour - Grafton,Outer Regional Australia,13231.0,2119123.0,6390.0
512,NSW,Lane Cove,Sydney - North Sydney and Hornsby,Major Cities of Australia,41549.0,19343743.0,17340.0
513,NSW,Walcha,New England and North West,Outer Regional Australia,2968.0,2119123.0,1638.0
514,Vic,Northern Grampians,North West,Inner Regional Australia,11879.0,4683975.0,6253.0
515,NSW,Bogan,Far West and Orana,Very Remote Australia,2420.0,198024.0,1306.0
516,NSW,The Hills,Sydney - Baulkham Hills and Hawkesbury,Inner Regional Australia,207959.0,4683975.0,
517,Vic,South Gippsland,Latrobe - Gippsland,Outer Regional Australia,30823.0,2119123.0,17145.0
518,NSW,Wollondilly,Illawarra,Inner Regional Australia,57616.0,4683975.0,18918.0
519,SA,Cleve,South Australia - Outback,Remote Australia,1757.0,304013.0,975.0
520,NT,West Arnhem,Northern Territory - Outback,Remote Australia,7407.0,304013.0,2225.0
521,NSW,Wentworth,Murray,Outer Regional Australia,7688.0,2119123.0,3457.0
522,NSW,Canterbury-Bankstown,Sydney - Parramatta,Major Cities of Australia,379829.0,19343743.0,133438.0
523,Tas,King Island,West and North West,Very Remote Australia,1648.0,198024.0,897.0
524,SA,Kangaroo Island,South Australia - South East,Remote Australia,5125.0,304013.0,3350.0
525,Tas,Meander Valley,Launceston and North East,Inner Regional Australia,21449.0,4683975.0,9276.0
526,NSW,Uralla,New England and North West,Inner Regional Australia,6047.0,4683975.0,2759.0
527,SA,Holdfast Bay,Adelaide - South,Major Cities of Australia,38766.0,19343743.0,18707.0
528,Qld,Douglas,Cairns,Remote Australia,12828.0,304013.0,6981.0
529,NSW,Carrathool,Riverina,Remote Australia,2765.0,304013.0,1312.0
530,Vic,Murrindindi,Melbourne - North East,Inner Regional Australia,15482.0,4683975.0,8349.0
531,NSW,Bogan,Far West and Orana,Remote Australia,2420.0,304013.0,1306.0
532,Vic,Alpine,Hume,Outer Regional Australia,13182.0,2119123.0,7271.0
533,NSW,Brewarrina,Far West and Orana,Very Remote Australia,1411.0,198024.0,740.0
534,NSW,Wollondilly,Sydney - Outer West and Blue Mountains,Inner Regional Australia,57616.0,4683975.0,18918.0
535,NT,East Arnhem,Northern Territory - Outback,Very Remote Australia,10011.0,198024.0,1968.0
536,SA,Port Lincoln,South Australia - Outback,Remote Australia,15018.0,304013.0,6970.0
537,SA,Light,Adelaide - North,Inner Regional Australia,16616.0,4683975.0,6046.0
538,NSW,Camden,Sydney - South West,Major Cities of Australia,134811.0,19343743.0,39601.0
539,NSW,Queanbeyan-Palerang Regional,Capital Region,Outer Regional Australia,,2119123.0,26549.0
540,Qld,Longreach,Queensland - Outback,Very Remote Australia,3737.0,198024.0,2169.0
541,NSW,Maitland,Newcastle and Lake Macquarie,Major Cities of Australia,95957.0,19343743.0,35456.0
542,Vic,Colac Otway,Warrnambool and South West,Outer Regional Australia,22273.0,2119123.0,12460.0
543,SA,Lower Eyre Peninsula,South Australia - Outback,Remote Australia,6154.0,304013.0,3028.0
544,NT,MacDonnell,Northern Territory - Outback,Remote Australia,6706.0,304013.0,2243.0
545,WA,Dandaragan,Western Australia - Wheat Belt,Outer Regional Australia,3748.0,2119123.0,2805.0
546,WA,York,Western Australia - Wheat Belt,Inner Regional Australia,3602.0,4683975.0,1883.0
547,WA,Rockingham,Perth - South West,Major Cities of Australia,148822.0,19343743.0,54910.0
548,WA,Plantagenet,Western Australia - Wheat Belt,Outer Regional Australia,5669.0,2119123.0,2676.0
549,WA,Kwinana,Perth - South West,Major Cities of Australia,52103.0,19343743.0,17628.0
550,WA,Murray,Mandurah,Inner Regional Australia,19823.0,4683975.0,8192.0
551,WA,Dumbleyung,Western Australia - Wheat Belt,Remote Australia,701.0,304013.0,335.0
552,WA,Port Hedland,Western Australia - Outback (North),Remote Australia,17247.0,304013.0,7942.0
553,NSW,Coolamon,Riverina,Inner Regional Australia,4549.0,4683975.0,1974.0
554,WA,Stirling,Perth - North West,Major Cities of Australia,243871.0,19343743.0,102177.0
555,SA,Robe,South Australia - South East,Outer Regional Australia,1603.0,2119123.0,1669.0
556,WA,Cambridge,Perth - Inner,Major Cities of Australia,31133.0,19343743.0,11522.0
557,WA,Swan,Perth - North East,Major Cities of Australia,171588.0,19343743.0,58928.0
558,WA,Wanneroo,Perth - North West,Major Cities of Australia,229438.0,19343743.0,78061.0
559,Qld,Somerset,Moreton Bay - North,Inner Regional Australia,26251.0,4683975.0,11020.0
560,WA,Canning,Perth - South East,Major Cities of Australia,103691.0,19343743.0,37259.0
561,NSW,Richmond Valley,Richmond - Tweed,Outer Regional Australia,23705.0,2119123.0,10692.0
562,WA,Gosnells,Perth - South East,Major Cities of Australia,137355.0,19343743.0,47117.0
563,NSW,The Hills,Sydney - Ryde,Major Cities of Australia,207959.0,19343743.0,
564,WA,Serpentine-Jarrahdale,Perth - South East,Major Cities of Australia,36739.0,19343743.0,11234.0
565,WA,Mandurah,Mandurah,Major Cities of Australia,99272.0,19343743.0,44140.0
566,SA,Southern Mallee,South Australia - South East,Outer Regional Australia,2012.0,2119123.0,1077.0
567,WA,Woodanilling,Western Australia - Wheat Belt,Outer Regional Australia,479.0,2119123.0,221.0
568,NSW,Warrumbungle,Central West,Outer Regional Australia,9228.0,2119123.0,
569,WA,Dowerin,Western Australia - Wheat Belt,Outer Regional Australia,738.0,2119123.0,422.0
570,WA,Kalgoorlie-Boulder,Western Australia - Outback (South),Outer Regional Australia,30775.0,2119123.0,13248.0
571,WA,Greater Geraldton,Western Australia - Outback (South),Outer Regional Australia,41914.0,2119123.0,18018.0
572,WA,Harvey,Bunbury,Inner Regional Australia,30790.0,4683975.0,11874.0
573,WA,Serpentine-Jarrahdale,Perth - South East,Inner Regional Australia,36739.0,4683975.0,11234.0
574,WA,Bayswater,Perth - North East,Major Cities of Australia,74283.0,19343743.0,32165.0
575,Qld,Doomadgee,Queensland - Outback,Very Remote Australia,1461.0,198024.0,376.0
576,Qld,Croydon,Queensland - Outback,Very Remote Australia,270.0,198024.0,214.0
577,NT,West Arnhem,Northern Territory - Outback,Very Remote Australia,7407.0,198024.0,2225.0
578,WA,Albany,Western Australia - Wheat Belt,Outer Regional Australia,40949.0,2119123.0,18033.0
579,Tas,Central Highlands (Tas.),South East,Outer Regional Australia,2595.0,2119123.0,2752.0
580,NSW,Lockhart,Riverina,Outer Regional Australia,3396.0,2119123.0,1417.0
581,WA,Chittering,Western Australia - Wheat Belt,Inner Regional Australia,6516.0,4683975.0,2410.0
582,WA,Perenjori,Western Australia - Outback (South),Remote Australia,649.0,304013.0,254.0
583,WA,Mount Magnet,Western Australia - Outback (South),Very Remote Australia,701.0,198024.0,410.0
584,WA,Donnybrook-Balingup,Bunbury,Inner Regional Australia,6438.0,4683975.0,2821.0
585,NSW,Cobar,Far West and Orana,Remote Australia,4078.0,304013.0,2320.0
586,Qld,Hope Vale,Queensland - Outback,Remote Australia,1026.0,304013.0,348.0
587,WA,Augusta Margaret River,Bunbury,Outer Regional Australia,18620.0,2119123.0,8918.0
588,WA,Vincent,Perth - Inner,Major Cities of Australia,40125.0,19343743.0,18208.0
589,WA,Wickepin,Western Australia - Wheat Belt,Outer Regional Australia,701.0,2119123.0,335.0
590,SA,Clare and Gilbert Valleys,Barossa - Yorke - Mid North,Inner Regional Australia,9405.0,4683975.0,4678.0
591,Vic,Wangaratta,Hume,Outer Regional Australia,30002.0,2119123.0,13677.0
592,Vic,Melton,Melbourne - North West,Major Cities of Australia,206070.0,19343743.0,60363.0
593,WA,Cockburn,Perth - South West,Major Cities of Australia,130282.0,19343743.0,48428.0
594,WA,Kalgoorlie-Boulder,Western Australia - Outback (South),Very Remote Australia,30775.0,198024.0,13248.0
595,WA,Victoria Park,Perth - South East,Major Cities of Australia,40782.0,19343743.0,18019.0
596,WA,Armadale,Perth - South East,Major Cities of Australia,105094.0,19343743.0,36306.0
597,WA,Bunbury,Bunbury,Inner Regional Australia,34768.0,4683975.0,15960.0
598,WA,Gingin,Western Australia - Wheat Belt,Inner Regional Australia,6064.0,4683975.0,4107.0
599,WA,Moora,Western Australia - Wheat Belt,Remote Australia,2392.0,304013.0,1156.0
600,WA,Perth,Perth - Inner,Major Cities of Australia,32856.0,19343743.0,17636.0
601,WA,Busselton,Bunbury,Inner Regional Australia,43969.0,4683975.0,21315.0
602,WA,Williams,Western Australia - Wheat Belt,Outer Regional Australia,1060.0,2119123.0,507.0
603,WA,Augusta Margaret River,Bunbury,Inner Regional Australia,18620.0,4683975.0,8918.0
604,Tas,Derwent Valley,South East,Outer Regional Australia,11341.0,2119123.0,4749.0
605,Qld,Quilpie,Queensland - Outback,Very Remote Australia,709.0,198024.0,507.0
606,WA,Kojonup,Western Australia - Wheat Belt,Outer Regional Australia,1967.0,2119123.0,1037.0
607,WA,Mount Marshall,Western Australia - Wheat Belt,Remote Australia,461.0,304013.0,315.0
608,SA,Kingston (SA),South Australia - South East,Outer Regional Australia,2393.0,2119123.0,1733.0
609,WA,Karratha,Western Australia - Outback (North),Remote Australia,24237.0,304013.0,10056.0
610,SA,Elliston,South Australia - Outback,Very Remote Australia,1041.0,198024.0,849.0
611,WA,Coolgardie,Western Australia - Outback (South),Very Remote Australia,3686.0,198024.0,1798.0
612,Qld,Tablelands,Cairns,Remote Australia,27259.0,304013.0,13184.0
613,Vic,Monash,Melbourne - Inner South,Major Cities of Australia,203560.0,19343743.0,76463.0
614,WA,Derby-West Kimberley,Western Australia - Outback (North),Very Remote Australia,8433.0,198024.0,3604.0
615,WA,Mundaring,Perth - North East,Inner Regional Australia,41421.0,4683975.0,14962.0
616,SA,Light,Adelaide - North,Major Cities of Australia,16616.0,19343743.0,6046.0
617,WA,Belmont,Perth - South East,Major Cities of Australia,45976.0,19343743.0,20355.0
618,WA,Nungarin,Western Australia - Wheat Belt,Remote Australia,256.0,304013.0,135.0
619,Vic,Bayside (Vic.),Melbourne - Inner South,Major Cities of Australia,104272.0,19343743.0,43102.0
620,WA,Northam,Western Australia - Wheat Belt,Inner Regional Australia,12193.0,4683975.0,5237.0
621,WA,Port Hedland,Western Australia - Outback (North),Very Remote Australia,17247.0,198024.0,7942.0
622,WA,Melville,Perth - South West,Major Cities of Australia,110426.0,19343743.0,42920.0
623,WA,Bassendean,Perth - North East,Major Cities of Australia,16914.0,19343743.0,7187.0
624,WA,Yilgarn,Western Australia - Wheat Belt,Remote Australia,1198.0,304013.0,715.0
625,WA,Broome,Western Australia - Outback (North),Very Remote Australia,18611.0,198024.0,9419.0
626,WA,Chapman Valley,Western Australia - Outback (South),Remote Australia,1663.0,304013.0,694.0
627,NSW,Uralla,New England and North West,Outer Regional Australia,6047.0,2119123.0,2759.0
628,WA,Broomehill-Tambellup,Western Australia - Wheat Belt,Outer Regional Australia,1095.0,2119123.0,577.0
629,WA,Meekatharra,Western Australia - Outback (South),Very Remote Australia,1294.0,198024.0,608.0
630,WA,Esperance,Western Australia - Outback (South),Remote Australia,14547.0,304013.0,6844.0
631,Qld,Sunshine Coast,Moreton Bay - North,Inner Regional Australia,365942.0,4683975.0,149005.0
632,WA,Capel,Bunbury,Inner Regional Australia,19335.0,4683975.0,7110.0
633,WA,Dundas,Western Australia - Outback (South),Very Remote Australia,701.0,198024.0,632.0
634,NSW,Federation,Riverina,Outer Regional Australia,12939.0,2119123.0,6546.0
635,Vic,Towong,Hume,Inner Regional Australia,6243.0,4683975.0,3125.0
636,WA,Lake Grace,Western Australia - Wheat Belt,Very Remote Australia,1301.0,198024.0,751.0
637,WA,Dardanup,Bunbury,Inner Regional Australia,15685.0,4683975.0,6053.0
638,WA,Kondinin,Western Australia - Wheat Belt,Very Remote Australia,858.0,198024.0,471.0
639,WA,Kent,Western Australia - Wheat Belt,Remote Australia,524.0,304013.0,266.0
640,NSW,Canada Bay,Sydney - Inner West,Major Cities of Australia,91385.0,19343743.0,39121.0
641,WA,Wagin,Western Australia - Wheat Belt,Outer Regional Australia,1816.0,2119123.0,888.0
642,WA,Manjimup,Bunbury,Outer Regional Australia,9438.0,2119123.0,5035.0
643,NSW,Fairfield,Sydney - Parramatta,Major Cities of Australia,209742.0,19343743.0,67658.0
644,WA,Murray,Mandurah,Major Cities of Australia,19823.0,19343743.0,8192.0
645,WA,Denmark,Western Australia - Wheat Belt,Outer Regional Australia,6618.0,2119123.0,3670.0
646,NSW,Singleton,Hunter Valley exc Newcastle,Outer Regional Australia,25332.0,2119123.0,9838.0
647,Qld,Banana,Central Queensland,Remote Australia,14919.0,304013.0,7247.0
648,WA,Boddington,Western Australia - Wheat Belt,Inner Regional Australia,1786.0,4683975.0,839.0
649,WA,Bruce Rock,Western Australia - Wheat Belt,Remote Australia,1043.0,304013.0,425.0
650,WA,Swan,Perth - North East,Inner Regional Australia,171588.0,4683975.0,58928.0
651,WA,Kulin,Western Australia - Wheat Belt,Remote Australia,794.0,304013.0,396.0
652,WA,Cuballing,Western Australia - Wheat Belt,Outer Regional Australia,951.0,2119123.0,488.0
653,NSW,Dungog,Hunter Valley exc Newcastle,Outer Regional Australia,9767.0,2119123.0,4224.0
654,WA,Carnarvon,Western Australia - Outback (South),Very Remote Australia,5528.0,198024.0,3763.0
655,Vic,Hindmarsh,North West,Outer Regional Australia,5559.0,2119123.0,3110.0
656,WA,Wyndham-East Kimberley,Western Australia - Outback (North),Very Remote Australia,8209.0,198024.0,4366.0
657,WA,Beverley,Western Australia - Wheat Belt,Outer Regional Australia,1768.0,2119123.0,971.0
658,WA,Ravensthorpe,Western Australia - Outback (South),Very Remote Australia,2277.0,198024.0,1405.0
659,WA,Joondalup,Perth - North West,Major Cities of Australia,169657.0,19343743.0,62177.0
660,Qld,Mount Isa,Queensland - Outback,Very Remote Australia,18945.0,198024.0,9053.0
661,Vic,Moorabool,Melbourne - West,Major Cities of Australia,39092.0,19343743.0,15473.0
662,SA,Coober Pedy,South Australia - Outback,Very Remote Australia,1550.0,198024.0,1481.0
663,Qld,Central Highlands (Qld),Central Queensland,Very Remote Australia,28973.0,198024.0,14180.0
664,WA,Dalwallinu,Western Australia - Wheat Belt,Remote Australia,1446.0,304013.0,611.0
665,WA,Gnowangerup,Western Australia - Wheat Belt,Remote Australia,1269.0,304013.0,671.0
666,NSW,Junee,Riverina,Outer Regional Australia,6520.0,2119123.0,2519.0
667,Vic,Loddon,Ballarat,Inner Regional Australia,7747.0,4683975.0,4323.0
668,Tas,Unknown,Unknown,Unknown,,,
669,NSW,Goulburn Mulwaree,Capital Region,Outer Regional Australia,32710.0,2119123.0,14739.0
670,SA,Goyder,Barossa - Yorke - Mid North,Outer Regional Australia,4132.0,2119123.0,2371.0
671,WA,Wongan-Ballidu,Western Australia - Wheat Belt,Remote Australia,1336.0,304013.0,685.0
672,WA,Collie,Bunbury,Inner Regional Australia,9295.0,4683975.0,4121.0
673,WA,Armadale,Perth - South East,Inner Regional Australia,105094.0,4683975.0,36306.0
674,NSW,Cootamundra-Gundagai,Riverina,Outer Regional Australia,11424.0,2119123.0,
675,WA,Wanneroo,Perth - North West,Inner Regional Australia,229438.0,4683975.0,78061.0
676,WA,East Pilbara,Western Australia - Outback (North),Very Remote Australia,10401.0,198024.0,3625.0
677,WA,Menzies,Western Australia - Outback (South),Very Remote Australia,575.0,198024.0,237.0
678,WA,Halls Creek,Western Australia - Outback (North),Very Remote Australia,4136.0,198024.0,1674.0
679,WA,Irwin,Western Australia - Outback (South),Outer Regional Australia,3842.0,2119123.0,2163.0
680,NSW,Walgett,Far West and Orana,Very Remote Australia,5519.0,198024.0,2865.0
681,Qld,Yarrabah,Cairns,Outer Regional Australia,2640.0,2119123.0,524.0
682,WA,Pingelly,Western Australia - Wheat Belt,Outer Regional Australia,1084.0,2119123.0,553.0
683,NSW,Narrabri,New England and North West,Remote Australia,12754.0,304013.0,5997.0
684,WA,Broome,Western Australia - Outback (North),Remote Australia,18611.0,304013.0,9419.0
685,WA,Kondinin,Western Australia - Wheat Belt,Remote Australia,858.0,304013.0,471.0
686,WA,Cue,Western Australia - Outback (South),Very Remote Australia,231.0,198024.0,204.0
687,NSW,Hay,Murray,Outer Regional Australia,2830.0,2119123.0,1552.0
688,NSW,Wollondilly,Sydney - Outer South West,Major Cities of Australia,57616.0,19343743.0,18918.0
689,WA,Kalamunda,Perth - South East,Major Cities of Australia,62670.0,19343743.0,23347.0
690,Qld,Fraser Coast,Wide Bay,Remote Australia,117940.0,304013.0,52621.0
691,WA,Quairading,Western Australia - Wheat Belt,Outer Regional Australia,973.0,2119123.0,499.0
692,NSW,Randwick,Sydney - City and Inner South,Major Cities of Australia,141840.0,19343743.0,59965.0
693,WA,Mundaring,Perth - North East,Major Cities of Australia,41421.0,19343743.0,14962.0
694,Qld,Mornington,Queensland - Outback,Very Remote Australia,1079.0,198024.0,373.0
695,WA,Wandering,Western Australia - Wheat Belt,Outer Regional Australia,545.0,2119123.0,260.0
696,WA,Nannup,Bunbury,Outer Regional Australia,1632.0,2119123.0,1014.0
697,NSW,Broken Hill,Far West and Orana,Outer Regional Australia,17624.0,2119123.0,9591.0
698,WA,Ngaanyatjarraku,Western Australia - Outback (South),Very Remote Australia,1479.0,198024.0,607.0
699,Qld,Brisbane,Brisbane - West,Inner Regional Australia,1323162.0,4683975.0,519431.0
700,WA,Corrigin,Western Australia - Wheat Belt,Remote Australia,1029.0,304013.0,508.0
701,SA,Anangu Pitjantjatjara Yunkunytjatjara,South Australia - Outback,Very Remote Australia,,198024.0,778.0
702,WA,Fremantle,Perth - South West,Major Cities of Australia,35157.0,19343743.0,15751.0
703,WA,Toodyay,Western Australia - Wheat Belt,Inner Regional Australia,4954.0,4683975.0,2382.0
704,SA,Streaky Bay,South Australia - Outback,Very Remote Australia,2278.0,198024.0,1393.0
705,Vic,Southern Grampians,Warrnambool and South West,Inner Regional Australia,16470.0,4683975.0,8292.0
706,WA,Victoria Plains,Western Australia - Wheat Belt,Outer Regional Australia,824.0,2119123.0,411.0
707,WA,Northampton,Western Australia - Outback (South),Remote Australia,3369.0,304013.0,2382.0
708,WA,Bridgetown-Greenbushes,Bunbury,Outer Regional Australia,5669.0,2119123.0,2688.0
709,SA,Kimba,South Australia - Outback,Remote Australia,1059.0,304013.0,616.0
710,WA,Katanning,Western Australia - Wheat Belt,Outer Regional Australia,4290.0,2119123.0,1843.0
711,WA,Jerramungup,Western Australia - Wheat Belt,Remote Australia,1213.0,304013.0,913.0
712,WA,Carnamah,Western Australia - Outback (South),Remote Australia,579.0,304013.0,371.0
713,NSW,Nambucca,Mid North Coast,Inner Regional Australia,,4683975.0,
714,WA,Ashburton,Western Australia - Outback (North),Very Remote Australia,8076.0,198024.0,3727.0
715,WA,West Arthur,Western Australia - Wheat Belt,Outer Regional Australia,787.0,2119123.0,376.0
716,NSW,Cootamundra-Gundagai,Riverina,Inner Regional Australia,11424.0,4683975.0,
717,SA,Mount Gambier,South Australia - South East,Outer Regional Australia,27846.0,2119123.0,12789.0
718,WA,South Perth,Perth - South East,Major Cities of Australia,46701.0,19343743.0,20882.0
719,WA,Brookton,Western Australia - Wheat Belt,Outer Regional Australia,955.0,2119123.0,482.0
720,Qld,Burke,Queensland - Outback,Very Remote Australia,438.0,198024.0,546.0
721,WA,Nedlands,Perth - Inner,Major Cities of Australia,24127.0,19343743.0,8407.0
722,WA,Gingin,Western Australia - Wheat Belt,Outer Regional Australia,6064.0,2119123.0,4107.0
723,WA,Stirling,Perth - Inner,Major Cities of Australia,243871.0,19343743.0,102177.0
724,SA,Franklin Harbour,South Australia - Outback,Remote Australia,1332.0,304013.0,876.0
725,NSW,Northern Beaches,Sydney - Northern Beaches,Inner Regional Australia,267921.0,4683975.0,105115.0
726,SA,Coorong,South Australia - South East,Inner Regional Australia,5612.0,4683975.0,3106.0
727,WA,Waroona,Bunbury,Inner Regional Australia,4457.0,4683975.0,2224.0
728,WA,Cunderdin,Western Australia - Wheat Belt,Outer Regional Australia,1322.0,2119123.0,659.0
729,WA,Greater Geraldton,Western Australia - Outback (South),Remote Australia,41914.0,304013.0,18018.0
730,WA,Lake Grace,Western Australia - Wheat Belt,Remote Australia,1301.0,304013.0,751.0
731,NSW,Kiama,Illawarra,Major Cities of Australia,23002.0,19343743.0,10785.0
732,NSW,Oberon,Central West,Inner Regional Australia,5600.0,4683975.0,2828.0
733,WA,Cranbrook,Western Australia - Wheat Belt,Outer Regional Australia,1149.0,2119123.0,612.0
734,Tas,Break O'Day,Launceston and North East,Remote Australia,,304013.0,4850.0
735,NT,Victoria Daly,Northern Territory - Outback,Remote Australia,3295.0,304013.0,1232.0
736,NSW,Murrumbidgee,Murray,Outer Regional Australia,3607.0,2119123.0,1647.0
737,NSW,Sydney,Sydney - Eastern Suburbs,Major Cities of Australia,231086.0,19343743.0,124114.0
738,WA,Chapman Valley,Western Australia - Outback (South),Outer Regional Australia,1663.0,2119123.0,694.0
739,SA,Kingston (SA),South Australia - South East,Remote Australia,2393.0,304013.0,1733.0
740,WA,Mandurah,Mandurah,Inner Regional Australia,99272.0,4683975.0,44140.0
741,WA,Kalamunda,Perth - South East,Inner Regional Australia,62670.0,4683975.0,23347.0
742,WA,Kellerberrin,Western Australia - Wheat Belt,Outer Regional Australia,1166.0,2119123.0,621.0
743,WA,Kalamunda,Perth - North East,Inner Regional Australia,62670.0,4683975.0,23347.0
744,Qld,Balonne,Darling Downs - Maranoa,Very Remote Australia,4345.0,198024.0,2283.0
745,NSW,Murray River,Murray,Remote Australia,13326.0,304013.0,6268.0
746,Vic,Ararat,Ballarat,Inner Regional Australia,11683.0,4683975.0,5509.0
747,NT,Wagait,Northern Territory - Outback,Remote Australia,464.0,304013.0,293.0
748,Qld,Weipa,Queensland - Outback,Very Remote Australia,4251.0,198024.0,1839.0
749,Vic,Wyndham,Melbourne - West,Inner Regional Australia,324087.0,4683975.0,100363.0
750,SA,Barossa,Adelaide - North,Major Cities of Australia,26268.0,19343743.0,11044.0
751,Vic,Pyrenees,Ballarat,Outer Regional Australia,7786.0,2119123.0,3939.0
752,Qld,Pormpuraaw,Queensland - Outback,Very Remote Australia,644.0,198024.0,253.0
753,WA,Wongan-Ballidu,Western Australia - Wheat Belt,Outer Regional Australia,1336.0,2119123.0,685.0
754,WA,Karratha,Western Australia - Outback (North),Very Remote Australia,24237.0,198024.0,10056.0
755,NSW,Bourke,Far West and Orana,Very Remote Australia,2365.0,198024.0,1317.0
756,NSW,Bathurst Regional,Central West,Outer Regional Australia,,2119123.0,18458.0
757,Qld,Redland,Brisbane - East,Remote Australia,166809.0,304013.0,65216.0
758,WA,Moora,Western Australia - Wheat Belt,Outer Regional Australia,2392.0,2119123.0,1156.0
759,NSW,Richmond Valley,Coffs Harbour - Grafton,Outer Regional Australia,23705.0,2119123.0,10692.0
760,NSW,Upper Hunter,Hunter Valley exc Newcastle,Inner Regional Australia,14338.0,4683975.0,
761,Vic,Unincorporated Vic,Hume,Outer Regional Australia,953.0,2119123.0,1054.0
762,Vic,Melton,Melbourne - West,Inner Regional Australia,206070.0,4683975.0,60363.0
763,Vic,Greater Shepparton,Hume,Inner Regional Australia,69135.0,4683975.0,28885.0
764,NSW,Dungog,Hunter Valley exc Newcastle,Inner Regional Australia,9767.0,4683975.0,4224.0
765,WA,Chittering,Western Australia - Wheat Belt,Outer Regional Australia,6516.0,2119123.0,2410.0
766,Qld,Palm Island,Townsville,Remote Australia,2214.0,304013.0,562.0
767,NT,West Daly,Northern Territory - Outback,Very Remote Australia,3426.0,198024.0,709.0
768,WA,Mosman Park,Perth - Inner,Major Cities of Australia,10032.0,19343743.0,4122.0
769,WA,Narrogin,Western Australia - Wheat Belt,Outer Regional Australia,4983.0,2119123.0,2409.0
770,WA,Merredin,Western Australia - Wheat Belt,Remote Australia,3268.0,304013.0,1636.0
771,NT,Unincorporated NT,Northern Territory - Outback,Very Remote Australia,7713.0,198024.0,4175.0
772,WA,Westonia,Western Australia - Wheat Belt,Remote Australia,244.0,304013.0,147.0
773,WA,Morawa,Western Australia - Outback (South),Remote Australia,679.0,304013.0,320.0
774,WA,Claremont,Perth - Inner,Major Cities of Australia,12178.0,19343743.0,5251.0
775,WA,Mingenew,Western Australia - Outback (South),Outer Regional Australia,417.0,2119123.0,274.0
776,WA,Merredin,Western Australia - Wheat Belt,Outer Regional Australia,3268.0,2119123.0,1636.0
777,Qld,Fraser Coast,Wide Bay,Outer Regional Australia,117940.0,2119123.0,52621.0
778,Qld,Unknown,Unknown,Unknown,,,
779,WA,Murray,Western Australia - Wheat Belt,Inner Regional Australia,19823.0,4683975.0,8192.0
780,NSW,The Hills,Sydney - Parramatta,Major Cities of Australia,207959.0,19343743.0,
781,NSW,Liverpool,Sydney - South West,Inner Regional Australia,247672.0,4683975.0,77895.0
782,WA,Boddington,Western Australia - Wheat Belt,Outer Regional Australia,1786.0,2119123.0,839.0
783,SA,Yorke Peninsula,Barossa - Yorke - Mid North,Remote Australia,12040.0,304013.0,10310.0
784,WA,Goomalling,Western Australia - Wheat Belt,Outer Regional Australia,987.0,2119123.0,527.0
785,WA,Subiaco,Perth - Inner,Major Cities of Australia,18870.0,19343743.0,8829.0
786,WA,Trayning,Western Australia - Wheat Belt,Remote Australia,303.0,304013.0,253.0
787,WA,Manjimup,Bunbury,Remote Australia,9438.0,304013.0,5035.0
788,Vic,Yarra Ranges,Hume,Inner Regional Australia,158694.0,4683975.0,61574.0
789,WA,Esperance,Western Australia - Outback (South),Very Remote Australia,14547.0,198024.0,6844.0
790,SA,Franklin Harbour,South Australia - Outback,Outer Regional Australia,1332.0,2119123.0,876.0
791,NT,West Daly,Northern Territory - Outback,Remote Australia,3426.0,304013.0,709.0
792,WA,Shark Bay,Western Australia - Outback (South),Very Remote Australia,1129.0,198024.0,1295.0
793,WA,Exmouth,Western Australia - Outback (South),Very Remote Australia,3466.0,198024.0,2662.0
794,Vic,Ararat,Ballarat,Outer Regional Australia,11683.0,2119123.0,5509.0
795,WA,Sandstone,Western Australia - Outback (South),Very Remote Australia,116.0,198024.0,94.0
796,Vic,Surf Coast,Warrnambool and South West,Inner Regional Australia,39292.0,4683975.0,20678.0
797,NSW,Unknown,Unknown,Unknown,,,
798,WA,Gnowangerup,Western Australia - Wheat Belt,Outer Regional Australia,1269.0,2119123.0,671.0
799,WA,Boyup Brook,Bunbury,Outer Regional Australia,1948.0,2119123.0,927.0
800,WA,Cottesloe,Perth - Inner,Major Cities of Australia,8695.0,19343743.0,3612.0
801,WA,Wickepin,Western Australia - Wheat Belt,Remote Australia,701.0,304013.0,335.0
802,WA,Leonora,Western Australia - Outback (South),Very Remote Australia,1732.0,198024.0,839.0
803,SA,Unknown,Unknown,Unknown,,,
